Frequency(Hz),Amplitude(V)
0.000833318,0.0200968381587
0.001666637,0.0256962242958
0.002499955,0.0341920098696
0.003333273,0.0277970958345
0.004166592,0.0231515211431
0.004999910,0.0316174206445
0.005833228,0.0270630882437
0.006666547,0.0206585945589
0.007499865,0.0280493986527
0.008333183,0.0282258752704
0.009166501,0.0176404186394
0.009999820,0.0266691662979
0.010833138,0.0274024454705
0.011666456,0.0168539119974
0.012499775,0.0237431343331
0.013333093,0.0264676567679
0.014166411,0.0158284731574
0.014999730,0.0202216155342
0.015833048,0.0230422515437
0.016666366,0.0147464161998
0.017499685,0.0152068264887
0.018333003,0.0207958480219
0.019166321,0.0126934263773
0.019999640,0.00919766215617
0.020832958,0.0169113248833
0.021666276,0.011232419331
0.022499595,0.00517454421409
0.023332913,0.0145378572728
0.024166231,0.0104398886971
0.024999549,0.003259505687
0.025832868,0.010541998385
0.026666186,0.0102440081367
0.027499504,0.000537878047644
0.028332823,0.00780487448271
0.029166141,0.00816098387291
0.029999459,0.00199066396255
0.030832778,0.00548910100108
0.031666096,0.00703744374293
0.032499414,0.00576913880293
0.033332733,0.00525765474361
0.034166051,0.00424449289327
0.034999369,0.00721572340787
0.035832688,0.00601827206407
0.036666006,0.00204161597513
0.037499324,0.00831137558592
0.038332643,0.00701489356254
0.039165961,0.000606215138022
0.039999279,0.00747353529622
0.040832597,0.00848584107411
0.041665916,0.00103062989935
0.042499234,0.00677502062246
0.043332552,0.00878282492336
0.044165871,0.00353551446696
0.044999189,0.00555498520231
0.045832507,0.00940210053715
0.046665826,0.00458430836265
0.047499144,0.00465145125852
0.048332462,0.00877569977109
0.049165781,0.00600284475668
0.049999099,0.00373656512118
0.050832417,0.00898088720314
0.051665736,0.00594564825047
0.052499054,0.00170841471837
0.053332372,0.00787996224949
0.054165691,0.00584844079258
0.054999009,0.000838870015237
0.055832327,0.00593926367818
0.056665645,0.00562836387043
0.057498964,0.00216244040707
0.058332282,0.0033798365768
0.059165600,0.00618897715944
0.059998919,0.00330153513177
0.060832237,0.00268664175709
0.061665555,0.00573689107214
0.062498874,0.00414330035107
0.063332192,0.00162321646912
0.064165510,0.00495068861731
0.064998829,0.0046480353998
0.065832147,0.00231336255514
0.066665465,0.00312228406393
0.067498784,0.00395874292191
0.068332102,0.00347779335339
0.069165420,0.00137031405421
0.069998739,0.00418197270593
0.070832057,0.00405569239338
0.071665375,0.000295601400532
0.072498693,0.00406004290446
0.073332012,0.00503402212337
0.074165330,0.000732955619486
0.074998648,0.00366931002613
0.075831967,0.0049008457823
0.076665285,0.00219742480308
0.077498603,0.00280799689039
0.078331922,0.00421792943016
0.079165240,0.00207411311636
0.079998558,0.00172790061001
0.080831877,0.00431501222758
0.081665195,0.00402476499609
0.082498513,0.00102721250694
0.083331832,0.00395836189234
0.084165150,0.00396396305036
0.084998468,0.000685288907917
0.085831787,0.00374338525302
0.086665105,0.00368441300952
0.087498423,8.79454359101e-05
0.088331741,0.00310194544255
0.089165060,0.00317214695304
0.089998378,0.00181950614003
0.090831696,0.00169224095742
0.091665015,0.00215179915633
0.092498333,0.00145977855015
0.093331651,0.000146988914741
0.094164970,0.00236145478174
0.094998288,0.00293580599874
0.095831606,0.000450675901826
0.096664925,0.00280625601108
0.097498243,0.0025885615089
0.098331561,0.000861399941478
0.099164880,0.00173876052646
0.099998198,0.00300973065563
0.100831516,0.00188866498403
0.101664835,0.000511193116397
0.102498153,0.000919024464823
0.103331471,0.00123907296806
0.104164789,0.00069828674724
0.104998108,0.0026806329097
0.105831426,0.00244066762893
0.106664744,0.00120797319432
0.107498063,0.00135300902537
0.108331381,0.00226081624311
0.109164699,0.00115370594887
0.109998018,0.0018189796766
0.110831336,0.00214921894347
0.111664654,0.00169237967404
0.112497973,0.00203699456753
0.113331291,0.00177807536805
0.114164609,0.00128206257897
0.114997928,0.000280317044135
0.115831246,0.00105953532491
0.116664564,0.00121435212565
0.117497883,0.00153948730964
0.118331201,0.00196446150522
0.119164519,0.00323276565828
0.119997837,0.00116372785267
0.120831156,0.000797408327406
0.121664474,0.000959855996453
0.122497792,0.001285942737
0.123331111,0.00247713762457
0.124164429,0.00111735634504
0.124997747,0.00147319467915
0.125831066,0.00209480552786
0.126664384,0.00200810218937
0.127497702,0.00277223047491
0.128331021,0.00119701949444
0.129164339,0.00209959231249
0.129997657,0.00173452877579
0.130830976,0.00104144538379
0.131664294,0.00138091923942
0.132497612,0.00129931060126
0.133330930,0.00048477216952
0.134164249,0.00148295412301
0.134997567,0.00200293927834
0.135830885,0.00181357186324
0.136664204,0.000798509732422
0.137497522,0.000717406306605
0.138330840,0.00183178326449
0.139164159,0.000994934964906
0.139997477,0.00127236466244
0.140830795,0.00168042625275
0.141664114,0.00285238541209
0.142497432,0.00330124948075
0.143330750,0.000976109633852
0.144164069,0.00139054306634
0.144997387,0.00194328006328
0.145830705,0.00186366887656
0.146664024,0.000678226005489
0.147497342,0.00220814038965
0.148330660,0.000998793250548
0.149163978,0.000607374791777
0.149997297,0.000507282924511
0.150830615,0.000665965174682
0.151663933,0.00143445183224
0.152497252,0.00164337757956
0.153330570,0.000238548218867
0.154163888,0.00086722115596
0.154997207,0.000457253774944
0.155830525,0.00235621219741
0.156663843,0.0027201141167
0.157497162,0.00109316707255
0.158330480,0.00147113295649
0.159163798,0.00124173159335
0.159997117,0.0017393973697
0.160830435,0.00070173768948
0.161663753,0.00102717309072
0.162497072,0.000398809022556
0.163330390,0.00155771844848
0.164163708,0.00123238145159
0.164997026,0.00238801246491
0.165830345,0.0014788484575
0.166663663,0.00106658544669
0.167496981,0.000326766161352
0.168330300,0.000873780711746
0.169163618,0.00175109066576
0.169996936,0.00131177978297
0.170830255,0.00137178257765
0.171663573,0.000202106988673
0.172496891,0.00178699891913
0.173330210,0.000807043837068
0.174163528,0.00027346512661
0.174996846,0.00147797984217
0.175830165,0.00182629527275
0.176663483,0.00121017830583
0.177496801,0.000687063449359
0.178330120,0.00191714682604
0.179163438,0.000993964507543
0.179996756,0.000336802608467
0.180830074,0.000460501379735
0.181663393,0.000677847469294
0.182496711,0.00135852471768
0.183330029,0.00115587338461
0.184163348,0.000339993757382
0.184996666,0.000331473310537
0.185829984,0.000513191054892
0.186663303,0.00138132539579
0.187496621,0.00220518176852
0.188329939,0.00105669322307
0.189163258,0.00111928112199
0.189996576,0.0011744207095
0.190829894,0.000824545537845
0.191663213,0.00182666373986
0.192496531,0.000912065710367
0.193329849,0.000742502017266
0.194163168,0.000978633280914
0.194996486,0.000373055424276
0.195829804,0.000259347292666
0.196663122,0.00015343433587
0.197496441,4.38938777454e-05
0.198329759,0.000770204152478
0.199163077,0.000825152152157
0.199996396,0.000473216171205
0.200829714,0.000820003700788
0.201663032,0.00130297192989
0.202496351,0.00208226177655
0.203329669,0.000764610291324
0.204162987,0.00134895518562
0.204996306,0.000725367098821
0.205829624,0.000724919994963
0.206662942,0.000618844298953
0.207496261,0.00041416519643
0.208329579,0.000517351867319
0.209162897,0.00110709027532
0.209996216,0.000735324290821
0.210829534,0.0011419437403
0.211662852,0.000805754825544
0.212496170,0.000462979933515
0.213329489,0.000557041397907
0.214162807,0.00109946088912
0.214996125,0.000381732885644
0.215829444,0.00156866959325
0.216662762,0.000569583299722
0.217496080,0.000250013457902
0.218329399,0.000309509744545
0.219162717,0.000355734738001
0.219996035,0.000694544656189
0.220829354,0.000795418014699
0.221662672,0.000967846239651
0.222495990,0.000655837903437
0.223329309,0.000481658158871
0.224162627,0.00106502157897
0.224995945,0.00121621515762
0.225829264,0.000771369368546
0.226662582,0.000277930838818
0.227495900,0.000629967505145
0.228329218,0.000865309649363
0.229162537,0.000504880915958
0.229995855,0.000535475001308
0.230829173,0.000986953660138
0.231662492,0.00091815903044
0.232495810,0.00128971264776
0.233329128,0.000736841107009
0.234162447,0.00106422331095
0.234995765,0.000485695439492
0.235829083,0.000876721041451
0.236662402,0.00127422767936
0.237495720,0.00075033022792
0.238329038,0.00104070093217
0.239162357,0.00128597333687
0.239995675,0.00100221081908
0.240828993,0.00039444062841
0.241662312,0.00025351841424
0.242495630,0.000184147731029
0.243328948,0.00041647782338
0.244162266,0.000854169608402
0.244995585,0.000123210251504
0.245828903,0.000296068682559
0.246662221,0.000633841676288
0.247495540,0.00108870118232
0.248328858,0.00116498010548
0.249162176,0.000330187352888
0.249995495,0.000547240874206
0.250828813,2.31904845979e-05
0.251662131,0.000257631389609
0.252495450,0.000232642560905
0.253328768,0.000852947565028
0.254162086,0.000611497523456
0.254995405,0.000259601880443
0.255828723,0.000441550046572
0.256662041,0.000121342492561
0.257495360,0.000489155591607
0.258328678,0.00107749015491
0.259161996,0.000823739630537
0.259995314,0.000810263377252
0.260828633,0.000589362895831
0.261661951,0.00104397554397
0.262495269,0.000532618755123
0.263328588,0.000504625680179
0.264161906,0.000831839578401
0.264995224,0.000371481507021
0.265828543,0.000433322750132
0.266661861,0.000441772387084
0.267495179,0.000141030019086
0.268328498,0.000184569303217
0.269161816,6.10644484904e-05
0.269995134,0.000572012464791
0.270828453,0.000796245966199
0.271661771,0.000537500647323
0.272495089,0.000442501179728
0.273328408,0.000777937048677
0.274161726,0.000645293712295
0.274995044,0.000482528241699
0.275828362,0.000119087138137
0.276661681,0.000644256974938
0.277494999,0.000694109617105
0.278328317,0.00105417788341
0.279161636,0.000582269687084
0.279994954,0.000556279300272
0.280828272,0.000715076802586
0.281661591,0.000911896962505
0.282494909,0.000480208620033
0.283328227,0.000613336757038
0.284161546,9.29136053776e-05
0.284994864,8.51721900097e-05
0.285828182,0.000536083553683
0.286661501,0.000183491138086
0.287494819,0.000626828458599
0.288328137,0.000997889208409
0.289161456,0.000959123188952
0.289994774,0.000525018960508
0.290828092,0.000309464020533
0.291661410,0.000606601055958
0.292494729,0.000127591550101
0.293328047,0.0004087234124
0.294161365,0.000337767862465
0.294994684,0.000185796686515
0.295828002,0.000420883305849
0.296661320,0.000772323785027
0.297494639,0.000923462530648
0.298327957,0.000255339568986
0.299161275,0.000979116410266
0.299994594,0.000517784402929
0.300827912,0.00013783595472
0.301661230,0.000672501654661
0.302494549,0.000718613736094
0.303327867,0.000530652878246
0.304161185,0.000447934640107
0.304994504,0.00114025222162
0.305827822,0.00101700088316
0.306661140,0.000215442947999
0.307494458,0.000582229627589
0.308327777,0.000534475677587
0.309161095,0.00089998559295
0.309994413,0.000623470938173
0.310827732,0.000532923533955
0.311661050,0.000237374774149
0.312494368,0.000548891503959
0.313327687,0.000461782366283
0.314161005,0.00032476293799
0.314994323,0.000429320232479
0.315827642,0.000523394600356
0.316660960,0.000439445445531
0.317494278,0.000534094125997
0.318327597,0.000612031496318
0.319160915,0.000338096716437
0.319994233,0.000385518261795
0.320827552,0.000973040064238
0.321660870,0.00100673438515
0.322494188,0.000543069875101
0.323327506,0.000210760973984
0.324160825,0.000462504765271
0.324994143,0.000749133688428
0.325827461,0.00120214250714
0.326660780,0.000923090315158
0.327494098,6.08735355348e-05
0.328327416,0.000241928133335
0.329160735,0.000484115479396
0.329994053,0.000517053660274
0.330827371,0.000403335232464
0.331660690,0.000388781694171
0.332494008,0.00041035414461
0.333327326,0.000393912285935
0.334160645,0.000739858915219
0.334993963,0.000376068503716
0.335827281,8.83223766926e-05
0.336660600,0.000390505102252
0.337493918,0.000362920833371
0.338327236,0.000126741900616
0.339160554,0.000105984048924
0.339993873,0.00026724574381
0.340827191,0.000415637982357
0.341660509,0.000156737397301
0.342493828,0.00040703350478
0.343327146,0.000264018119243
0.344160464,0.000353064765158
0.344993783,0.000297077201087
0.345827101,0.000232618161471
0.346660419,0.000212072712175
0.347493738,0.000259360596345
0.348327056,0.000483563445536
0.349160374,0.000248598008659
0.349993693,0.000397258119201
0.350827011,0.000393374223532
0.351660329,0.000920823831146
0.352493648,0.000560885408268
0.353326966,7.67178460329e-05
0.354160284,0.000369889892864
0.354993602,0.00041703814085
0.355826921,0.000226733624664
0.356660239,0.000437670124637
0.357493557,0.000675031069495
0.358326876,0.000699216703934
0.359160194,0.000516476007514
0.359993512,0.000620710222644
0.360826831,0.000825159148184
0.361660149,0.000783360211787
0.362493467,0.000397101888381
0.363326786,0.000586114609616
0.364160104,0.000679990342953
0.364993422,0.000570755636621
0.365826741,0.000213058753023
0.366660059,0.000658606103916
0.367493377,0.000495280760369
0.368326696,0.000308641104345
0.369160014,0.000620843236517
0.369993332,0.000323640151922
0.370826650,0.000670328979851
0.371659969,0.000876030137483
0.372493287,0.000805369804917
0.373326605,0.000430286807998
0.374159924,0.000299616843839
0.374993242,0.000259434321067
0.375826560,0.000462178927024
0.376659879,0.000679472959674
0.377493197,0.000256404517618
0.378326515,0.000240906178085
0.379159834,6.52221298282e-05
0.379993152,0.000240840811103
0.380826470,0.000161079862492
0.381659789,0.000378368913545
0.382493107,0.00041976972021
0.383326425,0.000584142282746
0.384159743,0.000392280258697
0.384993062,0.000775700857247
0.385826380,0.000707071854607
0.386659698,0.000347119294582
0.387493017,0.000839912972387
0.388326335,0.00101037267363
0.389159653,0.000611157967971
0.389992972,0.000318514290078
0.390826290,0.000658305223141
0.391659608,0.000340499714979
0.392492927,0.000237955444303
0.393326245,0.00026663436047
0.394159563,0.000174103833186
0.394992882,0.000435903495893
0.395826200,0.000190865612759
0.396659518,0.000838803134377
0.397492837,0.000873867574525
0.398326155,0.000417704825774
0.399159473,0.000396265786722
0.399992791,0.000137156570596
0.400826110,0.000474767261789
0.401659428,0.00055611727627
0.402492746,0.000331534555733
0.403326065,0.000639208763093
0.404159383,0.000516965508617
0.404992701,0.000489209263761
0.405826020,0.000508085647793
0.406659338,7.56144728528e-05
0.407492656,0.000755287262495
0.408325975,0.000735585234034
0.409159293,0.000490177780891
0.409992611,0.000350320977433
0.410825930,0.000374094687643
0.411659248,0.000307914039158
0.412492566,0.000491120466567
0.413325885,0.000494794143317
0.414159203,9.98830328451e-05
0.414992521,0.00056413723274
0.415825839,0.000292766549523
0.416659158,0.000511022450615
0.417492476,0.000456560211972
0.418325794,0.000276777495517
0.419159113,0.000300484883317
0.419992431,0.000396584690556
0.420825749,0.000543469673339
0.421659068,0.00010978331436
0.422492386,0.000644037402645
0.423325704,0.000709728265842
0.424159023,0.000269947930322
0.424992341,0.000499894426192
0.425825659,9.72388335448e-05
0.426658978,0.00027952083566
0.427492296,0.000304368366794
0.428325614,0.00051109466349
0.429158933,0.000301569157264
0.429992251,0.000568562332315
0.430825569,0.000369911608395
0.431658887,0.000449182981327
0.432492206,0.000664726287667
0.433325524,0.000203699466745
0.434158842,0.000832445521099
0.434992161,0.000536002882721
0.435825479,0.000335975350756
0.436658797,9.81292423572e-05
0.437492116,0.000205857215044
0.438325434,0.000184735863451
0.439158752,0.000179340704472
0.439992071,0.000225597906483
0.440825389,0.000148106885603
0.441658707,0.000706799380623
0.442492026,0.000666480150902
0.443325344,0.000193837707221
0.444158662,0.000431821021463
0.444991981,0.000523810677761
0.445825299,0.000542730434806
0.446658617,0.000466252911254
0.447491935,0.000170571741683
0.448325254,0.000403292292636
0.449158572,0.000551207401057
0.449991890,0.000371500884228
0.450825209,0.0002601551674
0.451658527,0.000339699361427
0.452491845,0.000308532872709
0.453325164,0.000391353572966
0.454158482,0.000448535942956
0.454991800,0.000548162539412
0.455825119,0.000750878237052
0.456658437,0.000424827708243
0.457491755,0.00028869818324
0.458325074,0.000146266287573
0.459158392,0.000503101614537
0.459991710,0.000461988099638
0.460825029,0.00046527723936
0.461658347,0.000568333833406
0.462491665,0.000426576551473
0.463324983,0.000536948064274
0.464158302,0.000147341592009
0.464991620,0.000291069800899
0.465824938,0.000127128810602
0.466658257,0.000401449062999
0.467491575,0.00056973716206
0.468324893,0.000438493634059
0.469158212,0.000301329641522
0.469991530,0.00018592270137
0.470824848,3.08792008014e-05
0.471658167,0.000475962195575
0.472491485,0.000542680426732
0.473324803,0.000356322027596
0.474158122,4.04135702292e-05
0.474991440,0.000314806555427
0.475824758,0.000444200521744
0.476658077,0.000527439322624
0.477491395,0.000288226620287
0.478324713,0.000233058138695
0.479158031,0.000385788524108
0.479991350,0.000228225998709
0.480824668,0.00011951624393
0.481657986,0.000219866362217
0.482491305,0.000177380004391
0.483324623,0.000435254691883
0.484157941,0.000417191057075
0.484991260,0.00040254170119
0.485824578,0.000139322524852
0.486657896,0.000127946278062
0.487491215,0.000287724586393
0.488324533,0.000497480738848
0.489157851,0.000449731055457
0.489991170,0.000341651763373
0.490824488,0.000473822168265
0.491657806,0.000471104880649
0.492491125,0.000228581469096
0.493324443,0.000119270679204
0.494157761,0.000333007426757
0.494991079,0.000658894224264
0.495824398,0.000583871568091
0.496657716,0.00062596949986
0.497491034,0.000675623774887
0.498324353,0.000438344275245
0.499157671,0.00072042972417
0.499990989,0.000697128832312
0.500824308,0.000592981091432
0.501657626,0.000585190626971
0.502490944,0.000148121804648
0.503324263,0.000187294065403
0.504157581,0.000175303194626
0.504990899,0.000177531244271
0.505824218,0.000323433963389
0.506657536,0.000139832924233
0.507490854,0.000127704146919
0.508324173,1.88340641962e-05
0.509157491,0.000455295389322
0.509990809,0.000640049821472
0.510824127,0.000491718201589
0.511657446,0.000531328880905
0.512490764,0.000344459380743
0.513324082,0.00067050943691
0.514157401,0.000580560698276
0.514990719,0.0004161929356
0.515824037,0.000197713171435
0.516657356,5.86899662262e-05
0.517490674,0.000188008637407
0.518323992,0.000235222170073
0.519157311,0.000141564614956
0.519990629,8.25442220995e-05
0.520823947,0.000347908830469
0.521657266,0.000241487406511
0.522490584,0.000227188320239
0.523323902,0.000472670451689
0.524157221,0.000576462670664
0.524990539,0.000313097550367
0.525823857,0.000193195317997
0.526657175,0.000430957415641
0.527490494,0.00033985055466
0.528323812,0.000397733384857
0.529157130,0.000323860559328
0.529990449,0.00011373489244
0.530823767,0.000401995575736
0.531657085,0.000383782810524
0.532490404,0.000421491925487
0.533323722,0.000223403220538
0.534157040,9.67456205713e-05
0.534990359,0.000232667322833
0.535823677,0.000285217373204
0.536656995,0.000239774590406
0.537490314,0.000117965858074
0.538323632,7.71615667866e-05
0.539156950,0.000117103102032
0.539990269,0.000297465851502
0.540823587,0.000246038537192
0.541656905,0.00010652100617
0.542490223,0.00028882994192
0.543323542,0.000308007334781
0.544156860,0.000124188259822
0.544990178,0.000258201384725
0.545823497,0.000154556132862
0.546656815,8.34547162787e-05
0.547490133,0.000162365585241
0.548323452,0.000491260881932
0.549156770,0.000532396373375
0.549990088,0.000554699122979
0.550823407,0.000184298352494
0.551656725,0.000433977563162
0.552490043,0.000378338541219
0.553323362,0.000299533087735
0.554156680,0.000430091013554
0.554989998,0.000676303163908
0.555823317,0.000445164656671
0.556656635,0.00011404281122
0.557489953,2.30579219497e-05
0.558323271,0.000108610553757
0.559156590,0.00012673907576
0.559989908,0.000129112898933
0.560823226,0.000258514676212
0.561656545,6.79257364711e-05
0.562489863,0.000179372210717
0.563323181,0.000284370533907
0.564156500,0.000108694412298
0.564989818,0.000217407338315
0.565823136,0.000435620577015
0.566656455,4.48053263708e-05
0.567489773,0.000307227980816
0.568323091,0.000252103435411
0.569156410,0.000228274384455
0.569989728,0.000355470573866
0.570823046,0.000558466313507
0.571656365,0.000266679363974
0.572489683,0.000162763706279
0.573323001,0.000300649117244
0.574156319,0.000285697401989
0.574989638,0.000175150186883
0.575822956,0.000427800765531
0.576656274,0.000198249904481
0.577489593,0.000261220109192
0.578322911,0.000288795893363
0.579156229,0.000432715761213
0.579989548,0.00030636797902
0.580822866,9.60265245545e-05
0.581656184,0.000223089562632
0.582489503,0.000237169224903
0.583322821,0.000580834802575
0.584156139,0.000645959577938
0.584989458,0.000508786876559
0.585822776,0.000255205046041
0.586656094,0.000171598485149
0.587489413,0.000226374351096
0.588322731,0.00021600781634
0.589156049,0.000212480914877
0.589989367,0.000393546450795
0.590822686,0.000390134838436
0.591656004,0.00032174196573
0.592489322,0.000233111040965
0.593322641,0.000106851616675
0.594155959,9.16814778692e-05
0.594989277,9.91376974979e-05
0.595822596,0.000166640633783
0.596655914,0.000292154501637
0.597489232,0.000465773443632
0.598322551,0.000404217229749
0.599155869,0.00021465368635
0.599989187,0.000226766085547
0.600822506,0.000426663325748
0.601655824,0.000272163068398
0.602489142,0.000247816542344
0.603322461,0.000386115236888
0.604155779,0.000465945983015
0.604989097,0.000564736938658
0.605822415,0.000387088189302
0.606655734,0.000137626253279
0.607489052,7.62422830713e-05
0.608322370,0.000186767079313
0.609155689,0.000160828846174
0.609989007,0.000146816518954
0.610822325,0.000425831651686
0.611655644,0.000356804502768
0.612488962,0.000290651143326
0.613322280,0.000349563876646
0.614155599,0.000488099153151
0.614988917,0.000440120159879
0.615822235,0.000407361920442
0.616655554,0.000349453309921
0.617488872,0.000281804578786
0.618322190,0.000411527598792
0.619155509,0.000314566008057
0.619988827,0.000415184186623
0.620822145,0.000349056903143
0.621655463,0.00031604589858
0.622488782,0.000443845913969
0.623322100,0.000364116941013
0.624155418,0.000134964713602
0.624988737,0.000454300471072
0.625822055,0.000363708140112
0.626655373,0.000315878057743
0.627488692,0.000327603521574
0.628322010,0.000518333438366
0.629155328,0.000452960787556
0.629988647,0.000203370479727
0.630821965,0.000127399185651
0.631655283,0.000385850031236
0.632488602,0.000660383779378
0.633321920,0.000527024275676
0.634155238,0.000316679268602
0.634988556,0.000149559979539
0.635821875,0.000238784383645
0.636655193,0.000279945641666
0.637488511,0.00031022736969
0.638321830,0.000234998661937
0.639155148,8.52750247006e-05
0.639988466,0.000170569236127
0.640821785,0.000247540328341
0.641655103,0.000407485363908
0.642488421,0.000366275098243
0.643321740,0.00017457636975
0.644155058,0.000282311116971
0.644988376,0.000140227233331
0.645821695,0.000114973245373
0.646655013,0.000114580256844
0.647488331,0.000198651690133
0.648321650,0.000279344566637
0.649154968,0.000317315428398
0.649988286,3.98837478252e-05
0.650821604,0.000318059850109
0.651654923,0.000134426558631
0.652488241,0.000241224471054
0.653321559,0.000183670374041
0.654154878,0.000434311724893
0.654988196,0.000433358964391
0.655821514,0.000240562831697
0.656654833,8.25223762782e-05
0.657488151,0.000245898295116
0.658321469,0.000248023548068
0.659154788,0.000312299161
0.659988106,0.000241343698763
0.660821424,0.000296743765625
0.661654743,0.000154325492905
0.662488061,0.000237557810595
0.663321379,0.000186978739453
0.664154698,0.000211175785732
0.664988016,0.000141516063612
0.665821334,0.000196477640783
0.666654652,5.78745411316e-05
0.667487971,0.000185864573452
0.668321289,0.000103696904163
0.669154607,0.000513079326539
0.669987926,0.000507629740861
0.670821244,0.000132469840603
0.671654562,0.000379412481182
0.672487881,0.000370811081437
0.673321199,0.000251127819612
0.674154517,7.5534124487e-05
0.674987836,0.000260291230921
0.675821154,0.000169974906977
0.676654472,0.00018281422034
0.677487791,0.000367286656659
0.678321109,0.000412673691137
0.679154427,0.000170213133293
0.679987746,0.000109717623923
0.680821064,0.000179128791139
0.681654382,0.000143750074247
0.682487700,0.000127148834173
0.683321019,9.26176641765e-05
0.684154337,0.000213729449723
0.684987655,0.000310451077423
0.685820974,8.22661966937e-05
0.686654292,0.000312066499531
0.687487610,0.000229125610376
0.688320929,0.000189629470665
0.689154247,0.00015021366864
0.689987565,0.000376546330777
0.690820884,0.000268448795102
0.691654202,0.000180790443821
0.692487520,0.000163985787793
0.693320839,0.000362963716741
0.694154157,0.000165263026239
0.694987475,0.00011780416423
0.695820794,0.000159249105585
0.696654112,0.000215142284813
0.697487430,0.000223767487424
0.698320748,0.00010440723724
0.699154067,0.00017634695973
0.699987385,0.000163347074737
0.700820703,0.000164997102454
0.701654022,0.000266359566749
0.702487340,0.00011833964706
0.703320658,0.000312755770887
0.704153977,0.00055366206573
0.704987295,0.000329557776066
0.705820613,8.08336889453e-05
0.706653932,0.000188423479601
0.707487250,6.82368857929e-05
0.708320568,0.000269352221764
0.709153887,0.000265448323079
0.709987205,0.000235052337921
0.710820523,0.000218538261259
0.711653842,0.000101620381673
0.712487160,8.1881431868e-05
0.713320478,0.000234318474657
0.714153796,0.000316235041914
0.714987115,0.000273698784803
0.715820433,0.000220833339766
0.716653751,0.000283642621015
0.717487070,0.000332658696199
0.718320388,0.000232049535769
0.719153706,0.000318753092309
0.719987025,0.000324106354217
0.720820343,0.000235402232246
0.721653661,0.000116201119948
0.722486980,0.000139858360432
0.723320298,0.000368509034718
0.724153616,0.000158322000063
0.724986935,0.000162557531977
0.725820253,0.000146965166852
0.726653571,0.000151242999251
0.727486890,6.91104654898e-05
0.728320208,0.000144273827088
0.729153526,9.00775573719e-05
0.729986844,0.000263226997681
0.730820163,0.000295764514973
0.731653481,0.000230395416283
0.732486799,0.000246155956422
0.733320118,0.000200286369707
0.734153436,9.41083131602e-05
0.734986754,7.15371917766e-05
0.735820073,0.000169464824081
0.736653391,0.000191350256293
0.737486709,0.000116747328287
0.738320028,0.000260292980113
0.739153346,0.000128557601307
0.739986664,0.00013029923334
0.740819983,0.000119725368859
0.741653301,8.49130272481e-06
0.742486619,0.000226419746263
0.743319938,0.00028600941299
0.744153256,9.26261282093e-05
0.744986574,0.000205786378645
0.745819892,4.44818499322e-05
0.746653211,0.000187896315441
0.747486529,0.000334625790844
0.748319847,0.000347136145218
0.749153166,0.000132223176725
0.749986484,0.000161986303743
0.750819802,0.000250441902849
0.751653121,0.000179048252793
0.752486439,0.000203892333778
0.753319757,0.000337346877116
0.754153076,0.000335342312218
0.754986394,0.000321840735765
0.755819712,0.000225301023356
0.756653031,8.90651282379e-05
0.757486349,0.000153648644322
0.758319667,0.000404885754762
0.759152986,0.00047082301182
0.759986304,0.000144189715151
0.760819622,4.95883732746e-05
0.761652940,0.000299260571108
0.762486259,0.000308032518146
0.763319577,0.000180204330124
0.764152895,0.000269459010891
0.764986214,0.000230931351988
0.765819532,0.000158256707161
0.766652850,0.000185357743055
0.767486169,4.32357640303e-05
0.768319487,9.08147479455e-05
0.769152805,0.000172996586921
0.769986124,0.000232812079786
0.770819442,6.85085957666e-05
0.771652760,1.6599479265e-05
0.772486079,4.73133011902e-05
0.773319397,0.000106691657601
0.774152715,0.000156242850852
0.774986034,0.000169794199993
0.775819352,9.30504653244e-05
0.776652670,7.37375312131e-05
0.777485988,0.000151890054387
0.778319307,4.30277021915e-05
0.779152625,0.000119376451824
0.779985943,0.000142394156329
0.780819262,1.78665577524e-05
0.781652580,0.000112196930809
0.782485898,9.71559137335e-05
0.783319217,0.000280937826647
0.784152535,0.000354059352351
0.784985853,0.0002624956293
0.785819172,0.000164404190847
0.786652490,0.00017839567997
0.787485808,0.00015203484942
0.788319127,0.000198121942527
0.789152445,0.000143487381545
0.789985763,2.47152746652e-05
0.790819082,0.000100140516686
0.791652400,5.47164133864e-06
0.792485718,0.00022920465154
0.793319036,0.000440657148943
0.794152355,0.000378075753382
0.794985673,0.000203081634853
0.795818991,0.000148166953653
0.796652310,0.000104120517983
0.797485628,8.68129047506e-05
0.798318946,6.4331416584e-05
0.799152265,8.1377190367e-05
0.799985583,4.39483009027e-05
0.800818901,3.67507023124e-05
0.801652220,9.44180934478e-05
0.802485538,9.40472413797e-05
0.803318856,0.000106039238801
0.804152175,0.000124073147652
0.804985493,0.000128619831076
0.805818811,0.000184095626438
0.806652130,0.000127858707309
0.807485448,0.000248736942886
0.808318766,0.000533876186978
0.809152084,0.000526418603336
0.809985403,0.000377784152735
0.810818721,0.000293287275895
0.811652039,0.000200353253859
0.812485358,0.000102744963369
0.813318676,0.000248093690141
0.814151994,0.000110557433808
0.814985313,0.000212099720538
0.815818631,0.000300495487904
0.816651949,5.46747306087e-05
0.817485268,0.000193934127758
0.818318586,0.000173994359927
0.819151904,0.000189848898107
0.819985223,0.000118663687957
0.820818541,0.000199724238398
0.821651859,0.000325173150056
0.822485178,0.000282813571479
0.823318496,0.000176352854714
0.824151814,0.000190732618636
0.824985132,0.000363655466105
0.825818451,0.000246788057114
0.826651769,0.000111689169629
0.827485087,0.000178441071961
0.828318406,0.00019665176787
0.829151724,0.000245841746719
0.829985042,0.000317546234777
0.830818361,0.000331550076688
0.831651679,8.84397180669e-05
0.832484997,6.75649936819e-05
0.833318316,0.000133810666031
0.834151634,2.71896216872e-05
0.834984952,0.000145255905054
0.835818271,0.000129102007533
0.836651589,0.000216752152671
0.837484907,0.000198380060689
0.838318226,0.000152577899819
0.839151544,0.0001611346976
0.839984862,0.000202229795192
0.840818180,0.000127470014979
0.841651499,0.000196949052143
0.842484817,0.000164743529826
0.843318135,0.000127682529446
0.844151454,9.0953880756e-05
0.844984772,0.000268059979839
0.845818090,0.00038306936899
0.846651409,0.000273949690966
0.847484727,0.000225772310803
0.848318045,0.000172101667484
0.849151364,0.000103795877802
0.849984682,0.000339146640149
0.850818000,0.00024765392921
0.851651319,9.48295030208e-05
0.852484637,0.000268574634525
0.853317955,0.000279993318738
0.854151274,0.000191599161184
0.854984592,0.000224371444086
0.855817910,0.000165665528468
0.856651228,6.83362292161e-05
0.857484547,0.000155438987986
0.858317865,6.01024900846e-05
0.859151183,0.00010279432764
0.859984502,0.000109118593652
0.860817820,6.80396308033e-05
0.861651138,3.99699248314e-05
0.862484457,0.000169278552883
0.863317775,0.000144459408486
0.864151093,0.000108135849464
0.864984412,0.000269847026817
0.865817730,0.000205099661677
0.866651048,0.00013637056323
0.867484367,0.000183402121271
0.868317685,0.000193964735985
0.869151003,0.000187877028332
0.869984321,0.000219087048476
0.870817640,0.00013228916431
0.871650958,0.00014667774403
0.872484276,0.000256443910091
0.873317595,0.000307349209497
0.874150913,0.000193011684167
0.874984231,9.67177614314e-05
0.875817550,0.000130183789183
0.876650868,0.000212328724072
0.877484186,0.000167703736483
0.878317505,0.000170843777234
0.879150823,0.000144947956258
0.879984141,3.0840263878e-05
0.880817460,0.000168233772581
0.881650778,0.000275957230137
0.882484096,9.6962752551e-05
0.883317415,5.09069052646e-05
0.884150733,0.000159713551443
0.884984051,0.00012931032044
0.885817369,0.000255908477529
0.886650688,0.000312779385081
0.887484006,0.000161581058639
0.888317324,9.26141402904e-05
0.889150643,0.000133988391018
0.889983961,0.00016858171977
0.890817279,0.000194004919211
0.891650598,0.000332521542453
0.892483916,0.000282409497872
0.893317234,0.000341962661341
0.894150553,0.000279087076402
0.894983871,8.12361908799e-05
0.895817189,0.000111886806147
0.896650508,0.000265120857667
0.897483826,0.000271729992937
0.898317144,5.79795704471e-05
0.899150463,5.65376857354e-05
0.899983781,6.19331034653e-05
0.900817099,0.000133552223936
0.901650417,0.000229956354369
0.902483736,0.00023985118071
0.903317054,0.000250034112293
0.904150372,0.000183506170724
0.904983691,0.000166616403612
0.905817009,0.000149645245718
0.906650327,0.000243526494815
0.907483646,0.000274185893291
0.908316964,0.000168468670885
0.909150282,5.3870797566e-05
0.909983601,0.000116938142535
0.910816919,0.00016442896102
0.911650237,0.000266994539116
0.912483556,0.000175705119486
0.913316874,0.000184773013508
0.914150192,0.000139335049687
0.914983511,0.000138366609387
0.915816829,0.000131047797622
0.916650147,0.000206935412816
0.917483465,9.96116173535e-05
0.918316784,0.000259682255232
0.919150102,0.000265327181099
0.919983420,3.09826212783e-05
0.920816739,0.000179719308302
0.921650057,6.44849583145e-05
0.922483375,4.46556456707e-05
0.923316694,0.000210916665914
0.924150012,0.000163079466383
0.924983330,0.000169042493355
0.925816649,0.000272262291133
0.926649967,0.000218997786934
0.927483285,0.000109840160494
0.928316604,9.98114446111e-05
0.929149922,0.000144181091313
0.929983240,0.000245469603609
0.930816559,0.000342264608266
0.931649877,0.00021601908118
0.932483195,6.2963223307e-05
0.933316513,0.000212009842104
0.934149832,0.000206418796228
0.934983150,0.000136947212781
0.935816468,0.000164006523355
0.936649787,0.000286675693765
0.937483105,0.00022295405226
0.938316423,0.000154901857284
0.939149742,2.86601370986e-05
0.939983060,0.000193741289803
0.940816378,0.000302414457039
0.941649697,0.000187028663746
0.942483015,0.000182548753609
0.943316333,0.00023041315665
0.944149652,0.000200367096313
0.944982970,0.000119930826628
0.945816288,0.000113749307309
0.946649607,0.000117856899477
0.947482925,0.000280313474881
0.948316243,0.000234757319587
0.949149561,0.000121207958001
0.949982880,8.10079989787e-05
0.950816198,7.21363835802e-05
0.951649516,7.91807006074e-05
0.952482835,6.73077996586e-05
0.953316153,0.000124663279236
0.954149471,0.000107990641518
0.954982790,1.7763795989e-05
0.955816108,5.67953500995e-05
0.956649426,0.000151883616651
0.957482745,9.8465696703e-05
0.958316063,2.36396273492e-05
0.959149381,0.000158823923887
0.959982700,0.000193980004059
0.960816018,0.00016977751608
0.961649336,0.000183523640232
0.962482655,0.000221488348962
0.963315973,0.000194032255982
0.964149291,7.38194865016e-05
0.964982609,7.00096610672e-05
0.965815928,0.000130637698465
0.966649246,7.70246524347e-05
0.967482564,0.000163915236405
0.968315883,0.00020415927044
0.969149201,0.000116583147229
0.969982519,7.60229338351e-05
0.970815838,4.30068642918e-05
0.971649156,0.00023179180739
0.972482474,0.00029776307118
0.973315793,0.000337890833716
0.974149111,0.000311118397442
0.974982429,0.000173785605756
0.975815748,0.000216806630376
0.976649066,0.000103957598228
0.977482384,0.000168465814352
0.978315703,7.54015592778e-05
0.979149021,3.58721046131e-05
0.979982339,6.95189273377e-05
0.980815657,1.36690618165e-05
0.981648976,9.65302448686e-05
0.982482294,5.83517611755e-05
0.983315612,0.000232003249702
0.984148931,0.000175429459624
0.984982249,4.01551297059e-05
0.985815567,0.000141730401444
0.986648886,0.000211555258774
0.987482204,0.000229441503841
0.988315522,6.77064660279e-05
0.989148841,0.000162525237603
0.989982159,5.97620591034e-05
0.990815477,0.000125262167721
0.991648796,3.77523942082e-05
0.992482114,6.17433224994e-05
0.993315432,4.79177676902e-05
0.994148751,0.00015323019939
0.994982069,0.000247439169884
0.995815387,9.82857592443e-05
0.996648705,2.27403726132e-05
0.997482024,9.75909462654e-05
0.998315342,0.000243768163635
0.999148660,0.000209590990696
0.999981979,3.6446648301e-05
