Time(ms),ADC,Voltage(V)
382,151,0.738
392,151,0.738
402,151,0.738
412,151,0.738
422,151,0.738
432,151,0.738
442,151,0.738
452,151,0.738
462,151,0.738
472,151,0.738
482,151,0.738
492,151,0.738
502,151,0.738
512,151,0.738
522,151,0.738
532,151,0.738
542,143,0.699
552,143,0.699
562,143,0.699
572,143,0.699
582,143,0.699
592,143,0.699
602,143,0.699
612,143,0.699
622,143,0.699
632,143,0.699
642,143,0.699
652,143,0.699
662,144,0.704
672,143,0.699
683,143,0.699
693,143,0.699
703,143,0.699
713,143,0.699
723,144,0.704
733,144,0.704
743,144,0.704
753,144,0.704
763,144,0.704
773,144,0.704
783,144,0.704
793,144,0.704
803,144,0.704
813,144,0.704
823,144,0.704
833,144,0.704
843,144,0.704
854,144,0.704
864,144,0.704
874,144,0.704
884,144,0.704
894,144,0.704
904,144,0.704
914,144,0.704
924,144,0.704
934,144,0.704
944,144,0.704
954,144,0.704
964,144,0.704
974,144,0.704
984,144,0.704
994,144,0.704
1004,144,0.704
1014,144,0.704
1024,144,0.704
1034,144,0.704
1044,144,0.704
1054,144,0.704
1064,144,0.704
1074,144,0.704
1084,144,0.704
1094,144,0.704
1104,144,0.704
1114,144,0.704
1124,144,0.704
1134,144,0.704
1144,144,0.704
1154,144,0.704
1164,144,0.704
1174,144,0.704
1184,144,0.704
1195,144,0.704
1205,144,0.704
1215,144,0.704
1225,144,0.704
1235,144,0.704
1245,144,0.704
1255,144,0.704
1265,144,0.704
1275,144,0.704
1285,144,0.704
1295,144,0.704
1305,144,0.704
1315,144,0.704
1325,144,0.704
1335,144,0.704
1345,144,0.704
1355,144,0.704
1366,144,0.704
1376,145,0.709
1386,144,0.704
1396,145,0.709
1406,144,0.704
1416,144,0.704
1426,144,0.704
1436,145,0.709
1446,145,0.709
1456,144,0.704
1466,144,0.704
1476,144,0.704
1486,144,0.704
1496,145,0.709
1506,145,0.709
1516,144,0.704
1526,145,0.709
1536,145,0.709
1546,145,0.709
1556,145,0.709
1566,145,0.709
1576,145,0.709
1586,144,0.704
1596,145,0.709
1606,145,0.709
1616,145,0.709
1626,145,0.709
1636,145,0.709
1646,145,0.709
1656,145,0.709
1666,145,0.709
1676,145,0.709
1686,145,0.709
1696,145,0.709
1707,145,0.709
1717,145,0.709
1727,145,0.709
1737,145,0.709
1747,145,0.709
1757,145,0.709
1767,145,0.709
1777,145,0.709
1787,145,0.709
1797,145,0.709
1807,145,0.709
1817,145,0.709
1827,145,0.709
1837,145,0.709
1847,145,0.709
1857,145,0.709
1867,145,0.709
1878,145,0.709
1888,145,0.709
1898,145,0.709
1908,145,0.709
1918,145,0.709
1928,145,0.709
1938,145,0.709
1948,145,0.709
1958,145,0.709
1968,145,0.709
1978,145,0.709
1988,145,0.709
1998,145,0.709
2008,145,0.709
2018,145,0.709
2028,145,0.709
2038,145,0.709
2048,145,0.709
2058,145,0.709
2068,145,0.709
2078,145,0.709
2088,145,0.709
2098,145,0.709
2108,145,0.709
2118,145,0.709
2128,145,0.709
2138,145,0.709
2148,146,0.714
2158,145,0.709
2168,145,0.709
2178,145,0.709
2188,146,0.714
2198,145,0.709
2208,145,0.709
2219,145,0.709
2229,145,0.709
2239,146,0.714
2249,145,0.709
2259,146,0.714
2269,146,0.714
2279,145,0.709
2289,146,0.714
2299,146,0.714
2309,145,0.709
2319,145,0.709
2329,145,0.709
2339,145,0.709
2349,145,0.709
2359,146,0.714
2369,146,0.714
2379,146,0.714
2390,146,0.714
2400,146,0.714
2410,146,0.714
2420,146,0.714
2430,146,0.714
2440,146,0.714
2450,146,0.714
2460,146,0.714
2470,146,0.714
2480,146,0.714
2490,146,0.714
2500,146,0.714
2510,146,0.714
2520,146,0.714
2530,146,0.714
2540,146,0.714
2550,146,0.714
2560,146,0.714
2570,146,0.714
2580,146,0.714
2590,146,0.714
2600,146,0.714
2610,146,0.714
2620,146,0.714
2630,146,0.714
2640,146,0.714
2650,146,0.714
2660,147,0.718
2670,146,0.714
2680,146,0.714
2690,146,0.714
2700,146,0.714
2710,146,0.714
2720,146,0.714
2731,147,0.718
2741,146,0.714
2751,147,0.718
2761,147,0.718
2771,147,0.718
2781,146,0.714
2791,146,0.714
2801,147,0.718
2811,146,0.714
2821,146,0.714
2831,147,0.718
2841,146,0.714
2851,146,0.714
2861,146,0.714
2871,147,0.718
2881,147,0.718
2891,146,0.714
2902,147,0.718
2912,147,0.718
2922,147,0.718
2932,147,0.718
2942,147,0.718
2952,147,0.718
2962,146,0.714
2972,147,0.718
2982,147,0.718
2992,147,0.718
3002,147,0.718
3012,147,0.718
3022,147,0.718
3032,147,0.718
3042,147,0.718
3052,147,0.718
3062,147,0.718
3072,147,0.718
3082,147,0.718
3092,147,0.718
3102,147,0.718
3112,147,0.718
3122,147,0.718
3132,147,0.718
3142,147,0.718
3152,147,0.718
3162,147,0.718
3172,147,0.718
3182,147,0.718
3192,147,0.718
3202,147,0.718
3212,147,0.718
3222,147,0.718
3232,147,0.718
3243,147,0.718
3253,147,0.718
3263,147,0.718
3273,147,0.718
3283,147,0.718
3293,147,0.718
3303,147,0.718
3313,147,0.718
3323,147,0.718
3333,147,0.718
3343,147,0.718
3353,147,0.718
3363,147,0.718
3373,147,0.718
3383,147,0.718
3393,147,0.718
3403,147,0.718
3414,147,0.718
3424,147,0.718
3434,147,0.718
3444,147,0.718
3454,147,0.718
3464,147,0.718
3474,147,0.718
3484,147,0.718
3494,148,0.723
3504,147,0.718
3514,147,0.718
3524,147,0.718
3534,147,0.718
3544,147,0.718
3554,147,0.718
3564,147,0.718
3574,147,0.718
3584,147,0.718
3594,147,0.718
3604,147,0.718
3614,148,0.723
3624,147,0.718
3634,148,0.723
3644,147,0.718
3654,147,0.718
3664,147,0.718
3674,147,0.718
3684,147,0.718
3694,148,0.723
3704,147,0.718
3714,148,0.723
3724,148,0.723
3734,148,0.723
3744,148,0.723
3755,147,0.718
3765,148,0.723
3775,147,0.718
3785,148,0.723
3795,148,0.723
3805,148,0.723
3815,148,0.723
3825,147,0.718
3835,148,0.723
3845,148,0.723
3855,147,0.718
3865,148,0.723
3875,147,0.718
3885,148,0.723
3895,148,0.723
3905,148,0.723
3915,148,0.723
3926,148,0.723
3936,148,0.723
3946,148,0.723
3956,148,0.723
3966,148,0.723
3976,148,0.723
3986,148,0.723
3996,148,0.723
4006,149,0.728
4016,148,0.723
4026,148,0.723
4036,148,0.723
4046,148,0.723
4056,148,0.723
4066,148,0.723
4076,148,0.723
4086,148,0.723
4096,148,0.723
4106,148,0.723
4116,148,0.723
4126,148,0.723
4136,148,0.723
4146,148,0.723
4156,148,0.723
4166,148,0.723
4176,148,0.723
4186,149,0.728
4196,148,0.723
4206,148,0.723
4216,148,0.723
4226,149,0.728
4236,148,0.723
4246,148,0.723
4256,149,0.728
4267,148,0.723
4277,148,0.723
4287,148,0.723
4297,148,0.723
4307,148,0.723
4317,148,0.723
4327,148,0.723
4337,149,0.728
4347,148,0.723
4357,148,0.723
4367,148,0.723
4377,148,0.723
4387,149,0.728
4397,149,0.728
4407,149,0.728
4417,149,0.728
4427,148,0.723
4438,149,0.728
4448,148,0.723
4458,148,0.723
4468,149,0.728
4478,148,0.723
4488,148,0.723
4498,149,0.728
4508,149,0.728
4518,149,0.728
4528,149,0.728
4538,149,0.728
4548,149,0.728
4558,149,0.728
4568,149,0.728
4578,149,0.728
4588,149,0.728
4598,149,0.728
4608,149,0.728
4618,149,0.728
4628,149,0.728
4638,149,0.728
4648,149,0.728
4658,149,0.728
4668,149,0.728
4678,149,0.728
4688,149,0.728
4698,149,0.728
4708,149,0.728
4718,149,0.728
4728,149,0.728
4738,149,0.728
4748,149,0.728
4758,149,0.728
4768,149,0.728
4779,149,0.728
4789,149,0.728
4799,149,0.728
4809,149,0.728
4819,149,0.728
4829,149,0.728
4839,149,0.728
4849,149,0.728
4859,149,0.728
4869,149,0.728
4879,149,0.728
4889,149,0.728
4899,149,0.728
4909,149,0.728
4919,149,0.728
4929,149,0.728
4939,149,0.728
4950,149,0.728
4960,149,0.728
4970,149,0.728
4980,149,0.728
4990,149,0.728
5000,149,0.728
5010,149,0.728
5020,149,0.728
5030,149,0.728
5040,149,0.728
5050,149,0.728
5060,149,0.728
5070,149,0.728
5080,149,0.728
5090,149,0.728
5100,149,0.728
5110,149,0.728
5120,149,0.728
5130,149,0.728
5140,149,0.728
5150,149,0.728
5160,149,0.728
5170,149,0.728
5180,150,0.733
5190,149,0.728
5200,149,0.728
5210,149,0.728
5220,149,0.728
5230,149,0.728
5240,150,0.733
5250,149,0.728
5260,149,0.728
5270,149,0.728
5280,149,0.728
5291,149,0.728
5301,149,0.728
5311,149,0.728
5321,150,0.733
5331,149,0.728
5341,149,0.728
5351,149,0.728
5361,150,0.733
5371,150,0.733
5381,149,0.728
5391,149,0.728
5401,149,0.728
5411,149,0.728
5421,149,0.728
5431,150,0.733
5441,149,0.728
5451,149,0.728
5462,150,0.733
5472,150,0.733
5482,149,0.728
5492,149,0.728
5502,150,0.733
5512,150,0.733
5522,150,0.733
5532,150,0.733
5542,150,0.733
5552,150,0.733
5562,150,0.733
5572,150,0.733
5582,150,0.733
5592,150,0.733
5602,149,0.728
5612,150,0.733
5622,150,0.733
5632,150,0.733
5642,150,0.733
5652,150,0.733
5662,150,0.733
5672,150,0.733
5682,150,0.733
5692,150,0.733
5702,150,0.733
5712,150,0.733
5722,150,0.733
5732,150,0.733
5742,150,0.733
5752,150,0.733
5762,150,0.733
5772,150,0.733
5782,150,0.733
5792,150,0.733
5803,150,0.733
5813,150,0.733
5823,150,0.733
5833,150,0.733
5843,150,0.733
5853,150,0.733
5863,150,0.733
5873,150,0.733
5883,150,0.733
5893,150,0.733
5903,150,0.733
5913,150,0.733
5923,150,0.733
5933,150,0.733
5943,150,0.733
5953,150,0.733
5963,150,0.733
5974,150,0.733
5984,150,0.733
5994,150,0.733
6004,150,0.733
6014,150,0.733
6024,150,0.733
6034,150,0.733
6044,150,0.733
6054,150,0.733
6064,150,0.733
6074,150,0.733
6084,150,0.733
6094,150,0.733
6104,150,0.733
6114,150,0.733
6124,150,0.733
6134,150,0.733
6144,150,0.733
6154,150,0.733
6164,150,0.733
6174,151,0.738
6184,150,0.733
6194,150,0.733
6204,150,0.733
6214,150,0.733
6224,150,0.733
6234,151,0.738
6244,150,0.733
6254,150,0.733
6264,150,0.733
6274,150,0.733
6284,150,0.733
6294,150,0.733
6304,150,0.733
6315,150,0.733
6325,151,0.738
6335,151,0.738
6345,150,0.733
6355,150,0.733
6365,151,0.738
6375,151,0.738
6385,150,0.733
6395,151,0.738
6405,151,0.738
6415,151,0.738
6425,151,0.738
6435,151,0.738
6445,151,0.738
6455,150,0.733
6465,151,0.738
6475,151,0.738
6486,150,0.733
6496,151,0.738
6506,150,0.733
6516,150,0.733
6526,151,0.738
6536,151,0.738
6546,151,0.738
6556,151,0.738
6566,151,0.738
6576,151,0.738
6586,151,0.738
6596,151,0.738
6606,151,0.738
6616,151,0.738
6626,151,0.738
6636,151,0.738
6646,151,0.738
6656,151,0.738
6666,151,0.738
6676,151,0.738
6686,151,0.738
6696,151,0.738
6706,151,0.738
6716,151,0.738
6726,151,0.738
6736,151,0.738
6746,151,0.738
6756,151,0.738
6766,151,0.738
6776,151,0.738
6786,151,0.738
6796,151,0.738
6806,151,0.738
6816,151,0.738
6827,151,0.738
6837,151,0.738
6847,151,0.738
6857,151,0.738
6867,151,0.738
6877,151,0.738
6887,151,0.738
6897,151,0.738
6907,151,0.738
6917,151,0.738
6927,151,0.738
6937,151,0.738
6947,151,0.738
6957,143,0.699
6967,143,0.699
6977,143,0.699
6987,143,0.699
6998,143,0.699
7008,143,0.699
7018,143,0.699
7028,143,0.699
7038,143,0.699
7048,143,0.699
7058,143,0.699
7068,143,0.699
7078,143,0.699
7088,143,0.699
7098,143,0.699
7108,143,0.699
7118,144,0.704
7128,143,0.699
7138,143,0.699
7148,144,0.704
7158,144,0.704
7168,144,0.704
7178,144,0.704
7188,144,0.704
7198,144,0.704
7208,144,0.704
7218,144,0.704
7228,144,0.704
7238,144,0.704
7248,144,0.704
7258,144,0.704
7268,144,0.704
7278,144,0.704
7288,144,0.704
7298,144,0.704
7308,144,0.704
7318,144,0.704
7328,144,0.704
7339,144,0.704
7349,144,0.704
7359,144,0.704
7369,144,0.704
7379,144,0.704
7389,144,0.704
7399,144,0.704
7409,144,0.704
7419,144,0.704
7429,144,0.704
7439,144,0.704
7449,144,0.704
7459,144,0.704
7469,144,0.704
7479,144,0.704
7489,144,0.704
7499,144,0.704
7510,144,0.704
7520,144,0.704
7530,144,0.704
7540,144,0.704
7550,144,0.704
7560,144,0.704
7570,144,0.704
7580,144,0.704
7590,144,0.704
7600,144,0.704
7610,144,0.704
7620,144,0.704
7630,144,0.704
7640,144,0.704
7650,144,0.704
7660,144,0.704
7670,144,0.704
7680,144,0.704
7690,144,0.704
7700,144,0.704
7710,145,0.709
7720,144,0.704
7730,144,0.704
7740,144,0.704
7750,144,0.704
7760,144,0.704
7770,144,0.704
7780,144,0.704
7790,144,0.704
7800,144,0.704
7810,144,0.704
7820,145,0.709
7830,144,0.704
7840,145,0.709
7851,144,0.704
7861,144,0.704
7871,145,0.709
7881,145,0.709
7891,145,0.709
7901,145,0.709
7911,144,0.704
7921,144,0.704
7931,144,0.704
7941,144,0.704
7951,144,0.704
7961,145,0.709
7971,145,0.709
7981,145,0.709
7991,145,0.709
8001,145,0.709
8011,145,0.709
8022,145,0.709
8032,144,0.704
8042,145,0.709
8052,145,0.709
8062,146,0.714
8072,145,0.709
8082,145,0.709
8092,145,0.709
8102,145,0.709
8112,145,0.709
8122,145,0.709
8132,145,0.709
8142,145,0.709
8152,145,0.709
8162,145,0.709
8172,145,0.709
8182,145,0.709
8192,145,0.709
8202,145,0.709
8212,145,0.709
8222,145,0.709
8232,145,0.709
8242,145,0.709
8252,145,0.709
8262,145,0.709
8272,145,0.709
8282,145,0.709
8292,145,0.709
8302,145,0.709
8312,145,0.709
8322,145,0.709
8332,145,0.709
8342,145,0.709
8352,145,0.709
8363,145,0.709
8373,146,0.714
8383,145,0.709
8393,145,0.709
8403,145,0.709
8413,145,0.709
8423,146,0.714
8433,145,0.709
8443,145,0.709
8453,145,0.709
8463,145,0.709
8473,145,0.709
8483,145,0.709
8493,145,0.709
8503,145,0.709
8513,145,0.709
8523,145,0.709
8534,145,0.709
8544,146,0.714
8554,146,0.714
8564,145,0.709
8574,145,0.709
8584,145,0.709
8594,145,0.709
8604,145,0.709
8614,146,0.714
8624,145,0.709
8634,145,0.709
8644,146,0.714
8654,145,0.709
8664,145,0.709
8674,146,0.714
8684,145,0.709
8694,145,0.709
8704,145,0.709
8714,145,0.709
8724,146,0.714
8734,145,0.709
8744,146,0.714
8754,145,0.709
8764,145,0.709
8774,145,0.709
8784,146,0.714
8794,146,0.714
8804,146,0.714
8814,145,0.709
8824,146,0.714
8834,146,0.714
8844,146,0.714
8854,146,0.714
8864,146,0.714
8875,145,0.709
8885,146,0.714
8895,146,0.714
8905,146,0.714
8915,146,0.714
8925,146,0.714
8935,146,0.714
8945,146,0.714
8955,146,0.714
8965,146,0.714
8975,146,0.714
8985,147,0.718
8995,146,0.714
9005,146,0.714
9015,146,0.714
9025,146,0.714
9035,146,0.714
9046,146,0.714
9056,146,0.714
9066,146,0.714
9076,146,0.714
9086,146,0.714
9096,146,0.714
9106,146,0.714
9116,146,0.714
9126,146,0.714
9136,146,0.714
9146,146,0.714
9156,146,0.714
9166,147,0.718
9176,146,0.714
9186,147,0.718
9196,146,0.714
9206,147,0.718
9216,146,0.714
9226,147,0.718
9236,147,0.718
9246,146,0.714
9256,146,0.714
9266,146,0.714
9276,146,0.714
9286,146,0.714
9296,147,0.718
9306,147,0.718
9316,146,0.714
9326,147,0.718
9336,146,0.714
9346,146,0.714
9356,147,0.718
9366,147,0.718
9376,146,0.714
9387,147,0.718
9397,147,0.718
9407,147,0.718
9417,147,0.718
9427,147,0.718
9437,147,0.718
9447,147,0.718
9457,147,0.718
9467,147,0.718
9477,147,0.718
9487,147,0.718
9497,147,0.718
9507,147,0.718
9517,147,0.718
9527,147,0.718
9537,147,0.718
9547,147,0.718
9558,147,0.718
9568,147,0.718
9578,147,0.718
9588,147,0.718
9598,147,0.718
9608,147,0.718
9618,147,0.718
9628,147,0.718
9638,147,0.718
9648,147,0.718
9658,147,0.718
9668,147,0.718
9678,147,0.718
9688,147,0.718
9698,147,0.718
9708,147,0.718
9718,147,0.718
9728,147,0.718
9738,147,0.718
9748,147,0.718
9758,147,0.718
9768,147,0.718
9778,147,0.718
9788,147,0.718
9798,147,0.718
9808,147,0.718
9818,147,0.718
9828,148,0.723
9838,147,0.718
9848,147,0.718
9858,147,0.718
9868,147,0.718
9878,147,0.718
9888,147,0.718
9899,147,0.718
9909,147,0.718
9919,148,0.723
9929,147,0.718
9939,147,0.718
9949,147,0.718
9959,147,0.718
9969,147,0.718
9979,147,0.718
9989,147,0.718
9999,147,0.718
10009,147,0.718
10019,147,0.718
10029,147,0.718
10039,147,0.718
10049,147,0.718
10059,147,0.718
10070,147,0.718
10080,147,0.718
10090,147,0.718
10100,147,0.718
10110,148,0.723
10120,148,0.723
10130,147,0.718
10140,148,0.723
10150,148,0.723
10160,148,0.723
10170,147,0.718
10180,147,0.718
10190,148,0.723
10200,147,0.718
10210,148,0.723
10220,148,0.723
10230,148,0.723
10240,148,0.723
10250,148,0.723
10260,148,0.723
10270,148,0.723
10280,148,0.723
10290,148,0.723
10300,148,0.723
10310,148,0.723
10320,148,0.723
10330,148,0.723
10340,148,0.723
10350,148,0.723
10360,148,0.723
10370,148,0.723
10380,148,0.723
10390,148,0.723
10400,148,0.723
10411,148,0.723
10421,148,0.723
10431,148,0.723
10441,148,0.723
10451,148,0.723
10461,148,0.723
10471,148,0.723
10481,148,0.723
10491,148,0.723
10501,148,0.723
10511,148,0.723
10521,148,0.723
10531,148,0.723
10541,148,0.723
10551,148,0.723
10561,148,0.723
10571,148,0.723
10582,148,0.723
10592,148,0.723
10602,148,0.723
10612,148,0.723
10622,148,0.723
10632,148,0.723
10642,148,0.723
10652,148,0.723
10662,148,0.723
10672,148,0.723
10682,148,0.723
10692,148,0.723
10702,148,0.723
10712,148,0.723
10722,148,0.723
10732,148,0.723
10742,148,0.723
10752,148,0.723
10762,148,0.723
10772,148,0.723
10782,148,0.723
10792,148,0.723
10802,148,0.723
10812,148,0.723
10822,148,0.723
10832,148,0.723
10842,148,0.723
10852,149,0.728
10862,148,0.723
10872,148,0.723
10882,148,0.723
10892,148,0.723
10902,148,0.723
10912,149,0.728
10923,148,0.723
10933,148,0.723
10943,148,0.723
10953,149,0.728
10963,149,0.728
10973,148,0.723
10983,148,0.723
10993,149,0.728
11003,148,0.723
11013,148,0.723
11023,149,0.728
11033,149,0.728
11043,149,0.728
11053,149,0.728
11063,149,0.728
11073,149,0.728
11083,149,0.728
11094,149,0.728
11104,149,0.728
11114,149,0.728
11124,149,0.728
11134,149,0.728
11144,149,0.728
11154,149,0.728
11164,149,0.728
11174,149,0.728
11184,149,0.728
11194,149,0.728
11204,149,0.728
11214,149,0.728
11224,149,0.728
11234,149,0.728
11244,149,0.728
11254,149,0.728
11264,149,0.728
11274,149,0.728
11284,149,0.728
11294,149,0.728
11304,149,0.728
11314,149,0.728
11324,149,0.728
11334,149,0.728
11344,149,0.728
11354,150,0.733
11364,150,0.733
11374,149,0.728
11384,149,0.728
11394,150,0.733
11404,150,0.733
11414,149,0.728
11424,149,0.728
11435,150,0.733
11445,150,0.733
11455,150,0.733
11465,150,0.733
11475,150,0.733
11485,150,0.733
11495,150,0.733
11505,149,0.728
11515,149,0.728
11525,150,0.733
11535,150,0.733
11545,150,0.733
11555,150,0.733
11565,150,0.733
11575,150,0.733
11585,150,0.733
11595,150,0.733
11606,150,0.733
11616,150,0.733
11626,150,0.733
11636,150,0.733
11646,150,0.733
11656,150,0.733
11666,150,0.733
11676,150,0.733
11686,150,0.733
11696,150,0.733
11706,150,0.733
11716,150,0.733
11726,150,0.733
11736,150,0.733
11746,150,0.733
11756,150,0.733
11766,150,0.733
11776,150,0.733
11786,150,0.733
11796,150,0.733
11806,150,0.733
11816,150,0.733
11826,150,0.733
11836,150,0.733
11846,150,0.733
11856,150,0.733
11866,150,0.733
11876,150,0.733
11886,150,0.733
11896,150,0.733
11906,150,0.733
11916,150,0.733
11926,150,0.733
11936,150,0.733
11947,150,0.733
11957,150,0.733
11967,150,0.733
11977,150,0.733
11987,150,0.733
11997,150,0.733
12007,150,0.733
12017,150,0.733
12027,150,0.733
12037,150,0.733
12047,150,0.733
12057,150,0.733
12067,150,0.733
12077,150,0.733
12087,150,0.733
12097,150,0.733
12107,150,0.733
12118,150,0.733
12128,150,0.733
12138,150,0.733
12148,151,0.738
12158,150,0.733
12168,150,0.733
12178,150,0.733
12188,150,0.733
12198,150,0.733
12208,150,0.733
12218,150,0.733
12228,150,0.733
12238,150,0.733
12248,150,0.733
12258,150,0.733
12268,150,0.733
12278,150,0.733
12288,151,0.738
12298,150,0.733
12308,150,0.733
12318,150,0.733
12328,150,0.733
12338,150,0.733
12348,151,0.738
12358,151,0.738
12368,151,0.738
12378,151,0.738
12388,144,0.704
12398,144,0.704
12408,144,0.704
12418,144,0.704
12428,144,0.704
12438,144,0.704
12448,144,0.704
12459,145,0.709
12469,145,0.709
12479,145,0.709
12489,145,0.709
12499,144,0.704
12509,144,0.704
12519,144,0.704
12529,144,0.704
12539,144,0.704
12549,144,0.704
12559,144,0.704
12569,144,0.704
12579,145,0.709
12589,145,0.709
12599,144,0.704
12609,144,0.704
12619,144,0.704
12630,144,0.704
12640,145,0.709
12650,144,0.704
12660,145,0.709
12670,145,0.709
12680,145,0.709
12690,145,0.709
12700,145,0.709
12710,145,0.709
12720,144,0.704
12730,145,0.709
12740,145,0.709
12750,145,0.709
12760,145,0.709
12770,145,0.709
12780,145,0.709
12790,145,0.709
12800,145,0.709
12810,145,0.709
12820,145,0.709
12830,145,0.709
12840,145,0.709
12850,145,0.709
12860,145,0.709
12870,145,0.709
12880,145,0.709
12890,145,0.709
12900,145,0.709
12910,145,0.709
12920,145,0.709
12930,145,0.709
12940,145,0.709
12950,145,0.709
12960,145,0.709
12971,146,0.714
12981,145,0.709
12991,145,0.709
13001,145,0.709
13011,145,0.709
13021,145,0.709
13031,145,0.709
13041,145,0.709
13051,145,0.709
13061,145,0.709
13071,146,0.714
13081,145,0.709
13091,145,0.709
13101,145,0.709
13111,145,0.709
13121,145,0.709
13131,145,0.709
13142,146,0.714
13152,145,0.709
13162,146,0.714
13172,145,0.709
13182,146,0.714
13192,146,0.714
13202,145,0.709
13212,146,0.714
13222,146,0.714
13232,146,0.714
13242,146,0.714
13252,146,0.714
13262,146,0.714
13272,146,0.714
13282,146,0.714
13292,145,0.709
13302,146,0.714
13312,145,0.709
13322,146,0.714
13332,146,0.714
13342,146,0.714
13352,146,0.714
13362,146,0.714
13372,146,0.714
13382,146,0.714
13392,146,0.714
13402,146,0.714
13412,146,0.714
13422,146,0.714
13432,146,0.714
13442,146,0.714
13452,146,0.714
13462,146,0.714
13472,146,0.714
13483,146,0.714
13493,146,0.714
13503,146,0.714
13513,146,0.714
13523,146,0.714
13533,146,0.714
13543,146,0.714
13553,146,0.714
13563,146,0.714
13573,146,0.714
13583,146,0.714
13593,146,0.714
13603,146,0.714
13613,146,0.714
13623,146,0.714
13633,146,0.714
13643,146,0.714
13654,146,0.714
13664,146,0.714
13674,146,0.714
13684,146,0.714
13694,146,0.714
13704,146,0.714
13714,146,0.714
13724,146,0.714
13734,146,0.714
13744,146,0.714
13754,146,0.714
13764,146,0.714
13774,147,0.718
13784,146,0.714
13794,146,0.714
13804,146,0.714
13814,146,0.714
13824,146,0.714
13834,146,0.714
13844,146,0.714
13854,146,0.714
13864,146,0.714
13874,146,0.714
13884,146,0.714
13894,146,0.714
13904,146,0.714
13914,147,0.718
13924,146,0.714
13934,146,0.714
13944,147,0.718
13954,147,0.718
13964,147,0.718
13974,146,0.714
13984,147,0.718
13995,147,0.718
14005,147,0.718
14015,147,0.718
14025,147,0.718
14035,147,0.718
14045,147,0.718
14055,147,0.718
14065,147,0.718
14075,147,0.718
14085,147,0.718
14095,147,0.718
14105,147,0.718
14115,147,0.718
14125,147,0.718
14135,147,0.718
14145,147,0.718
14155,147,0.718
14166,147,0.718
14176,147,0.718
14186,147,0.718
14196,147,0.718
14206,147,0.718
14216,147,0.718
14226,147,0.718
14236,147,0.718
14246,147,0.718
14256,147,0.718
14266,147,0.718
14276,147,0.718
14286,147,0.718
14296,147,0.718
14306,147,0.718
14316,147,0.718
14326,147,0.718
14336,147,0.718
14346,147,0.718
14356,147,0.718
14366,147,0.718
14376,147,0.718
14386,147,0.718
14396,147,0.718
14406,147,0.718
14416,147,0.718
14426,147,0.718
14436,147,0.718
14446,147,0.718
14456,148,0.723
14466,147,0.718
14476,147,0.718
14486,147,0.718
14496,147,0.718
14507,147,0.718
14517,147,0.718
14527,148,0.723
14537,147,0.718
14547,147,0.718
14557,147,0.718
14567,147,0.718
14577,147,0.718
14587,147,0.718
14597,147,0.718
14607,147,0.718
14617,147,0.718
14627,147,0.718
14637,147,0.718
14647,147,0.718
14657,147,0.718
14667,147,0.718
14678,147,0.718
14688,148,0.723
14698,148,0.723
14708,147,0.718
14718,147,0.718
14728,147,0.718
14738,147,0.718
14748,147,0.718
14758,147,0.718
14768,147,0.718
14778,147,0.718
14788,148,0.723
14798,148,0.723
14808,147,0.718
14818,148,0.723
14828,147,0.718
14838,148,0.723
14848,148,0.723
14858,147,0.718
14868,148,0.723
14878,148,0.723
14888,148,0.723
14898,148,0.723
14908,148,0.723
14918,148,0.723
14928,148,0.723
14938,148,0.723
14948,148,0.723
14958,148,0.723
14968,148,0.723
14978,148,0.723
14988,148,0.723
14998,148,0.723
15008,148,0.723
15019,148,0.723
15029,148,0.723
15039,148,0.723
15049,148,0.723
15059,148,0.723
15069,148,0.723
15079,148,0.723
15089,148,0.723
15099,148,0.723
15109,148,0.723
15119,148,0.723
15129,148,0.723
15139,148,0.723
15149,148,0.723
15159,148,0.723
15169,148,0.723
15179,148,0.723
15190,148,0.723
15200,148,0.723
15210,148,0.723
15220,148,0.723
15230,148,0.723
15240,148,0.723
15250,148,0.723
15260,148,0.723
15270,148,0.723
15280,148,0.723
15290,148,0.723
15300,148,0.723
15310,148,0.723
15320,148,0.723
15330,148,0.723
15340,149,0.728
15350,148,0.723
15360,148,0.723
15370,148,0.723
15380,148,0.723
15390,148,0.723
15400,148,0.723
15410,148,0.723
15420,148,0.723
15430,148,0.723
15440,148,0.723
15450,148,0.723
15460,148,0.723
15470,148,0.723
15480,148,0.723
15490,148,0.723
15500,148,0.723
15510,148,0.723
15520,148,0.723
15531,148,0.723
15541,148,0.723
15551,148,0.723
15561,148,0.723
15571,148,0.723
15581,148,0.723
15591,148,0.723
15601,148,0.723
15611,149,0.728
15621,148,0.723
15631,148,0.723
15641,148,0.723
15651,148,0.723
15661,148,0.723
15671,148,0.723
15681,148,0.723
15691,149,0.728
15702,148,0.723
15712,148,0.723
15722,149,0.728
15732,149,0.728
15742,148,0.723
15752,148,0.723
15762,149,0.728
15772,148,0.723
15782,149,0.728
15792,149,0.728
15802,148,0.723
15812,149,0.728
15822,148,0.723
15832,149,0.728
15842,149,0.728
15852,149,0.728
15862,149,0.728
15872,149,0.728
15882,149,0.728
15892,148,0.723
15902,149,0.728
15912,149,0.728
15922,149,0.728
15932,149,0.728
15942,149,0.728
15952,149,0.728
15962,149,0.728
15972,149,0.728
15982,149,0.728
15992,149,0.728
16002,149,0.728
16012,149,0.728
16022,149,0.728
16032,149,0.728
16043,149,0.728
16053,149,0.728
16063,149,0.728
16073,149,0.728
16083,149,0.728
16093,149,0.728
16103,149,0.728
16113,149,0.728
16123,149,0.728
16133,149,0.728
16143,149,0.728
16153,149,0.728
16163,149,0.728
16173,149,0.728
16183,149,0.728
16193,149,0.728
16203,149,0.728
16214,149,0.728
16224,149,0.728
16234,149,0.728
16244,149,0.728
16254,149,0.728
16264,149,0.728
16274,149,0.728
16284,149,0.728
16294,149,0.728
16304,149,0.728
16314,149,0.728
16324,149,0.728
16334,149,0.728
16344,149,0.728
16354,149,0.728
16364,149,0.728
16374,149,0.728
16384,149,0.728
16394,149,0.728
16404,149,0.728
16414,149,0.728
16424,149,0.728
16434,149,0.728
16444,149,0.728
16454,150,0.733
16464,149,0.728
16474,149,0.728
16484,149,0.728
16494,149,0.728
16504,149,0.728
16514,149,0.728
16524,149,0.728
16534,149,0.728
16544,149,0.728
16555,149,0.728
16565,149,0.728
16575,149,0.728
16585,150,0.733
16595,149,0.728
16605,149,0.728
16615,150,0.733
16625,149,0.728
16635,150,0.733
16645,150,0.733
16655,150,0.733
16665,149,0.728
16675,150,0.733
16685,150,0.733
16695,150,0.733
16705,149,0.728
16715,149,0.728
16726,149,0.728
16736,150,0.733
16746,150,0.733
16756,150,0.733
16766,150,0.733
16776,150,0.733
16786,150,0.733
16796,150,0.733
16806,150,0.733
16816,150,0.733
16826,150,0.733
16836,150,0.733
16846,150,0.733
16856,150,0.733
16866,150,0.733
16876,150,0.733
16886,150,0.733
16896,150,0.733
16906,150,0.733
16916,150,0.733
16926,150,0.733
16936,150,0.733
16946,150,0.733
16956,150,0.733
16966,150,0.733
16976,150,0.733
16986,150,0.733
16996,150,0.733
17006,150,0.733
17016,150,0.733
17026,150,0.733
17036,150,0.733
17046,150,0.733
17056,150,0.733
17067,150,0.733
17077,150,0.733
17087,150,0.733
17097,151,0.738
17107,150,0.733
17117,150,0.733
17127,151,0.738
17137,151,0.738
17147,150,0.733
17157,150,0.733
17167,150,0.733
17177,150,0.733
17187,150,0.733
17197,150,0.733
17207,150,0.733
17217,150,0.733
17227,150,0.733
17238,150,0.733
17248,150,0.733
17258,151,0.738
17268,150,0.733
17278,151,0.738
17288,150,0.733
17298,150,0.733
17308,151,0.738
17318,150,0.733
17328,151,0.738
17338,150,0.733
17348,151,0.738
17358,151,0.738
17368,150,0.733
17378,151,0.738
17388,150,0.733
17398,151,0.738
17408,151,0.738
17418,151,0.738
17428,150,0.733
17438,151,0.738
17448,151,0.738
17458,151,0.738
17468,151,0.738
17478,151,0.738
17488,151,0.738
17498,151,0.738
17508,151,0.738
17518,151,0.738
17528,151,0.738
17538,151,0.738
17548,151,0.738
17558,151,0.738
17568,151,0.738
17579,151,0.738
17589,151,0.738
17599,151,0.738
17609,151,0.738
17619,151,0.738
17629,151,0.738
17639,151,0.738
17649,151,0.738
17659,151,0.738
17669,151,0.738
17679,151,0.738
17689,151,0.738
17699,151,0.738
17709,151,0.738
17719,151,0.738
17729,151,0.738
17739,151,0.738
17750,151,0.738
17760,151,0.738
17770,151,0.738
17780,144,0.704
17790,144,0.704
17800,144,0.704
17810,144,0.704
17820,144,0.704
17830,144,0.704
17840,144,0.704
17850,144,0.704
17860,144,0.704
17870,144,0.704
17880,144,0.704
17890,144,0.704
17900,144,0.704
17910,144,0.704
17920,144,0.704
17930,144,0.704
17940,144,0.704
17950,144,0.704
17960,144,0.704
17970,144,0.704
17980,144,0.704
17990,144,0.704
18000,144,0.704
18010,144,0.704
18020,144,0.704
18030,144,0.704
18040,144,0.704
18050,144,0.704
18060,144,0.704
18070,144,0.704
18080,144,0.704
18091,144,0.704
18101,144,0.704
18111,144,0.704
18121,144,0.704
18131,144,0.704
18141,144,0.704
18151,144,0.704
18161,144,0.704
18171,144,0.704
18181,145,0.709
18191,145,0.709
18201,144,0.704
18211,144,0.704
18221,144,0.704
18231,144,0.704
18241,144,0.704
18251,145,0.709
18262,144,0.704
18272,145,0.709
18282,145,0.709
18292,145,0.709
18302,145,0.709
18312,145,0.709
18322,145,0.709
18332,145,0.709
18342,145,0.709
18352,145,0.709
18362,145,0.709
18372,145,0.709
18382,145,0.709
18392,145,0.709
18402,145,0.709
18412,145,0.709
18422,145,0.709
18432,145,0.709
18442,145,0.709
18452,145,0.709
18462,145,0.709
18472,145,0.709
18482,145,0.709
18492,145,0.709
18502,145,0.709
18512,145,0.709
18522,145,0.709
18532,145,0.709
18542,145,0.709
18552,145,0.709
18562,145,0.709
18572,145,0.709
18582,145,0.709
18592,145,0.709
18603,145,0.709
18613,145,0.709
18623,145,0.709
18633,145,0.709
18643,145,0.709
18653,145,0.709
18663,145,0.709
18673,145,0.709
18683,145,0.709
18693,145,0.709
18703,145,0.709
18713,145,0.709
18723,145,0.709
18733,145,0.709
18743,145,0.709
18753,145,0.709
18763,145,0.709
18774,145,0.709
18784,145,0.709
18794,145,0.709
18804,145,0.709
18814,145,0.709
18824,145,0.709
18834,146,0.714
18844,145,0.709
18854,145,0.709
18864,146,0.714
18874,145,0.709
18884,145,0.709
18894,145,0.709
18904,145,0.709
18914,145,0.709
18924,145,0.709
18934,146,0.714
18944,146,0.714
18954,145,0.709
18964,145,0.709
18974,146,0.714
18984,146,0.714
18994,146,0.714
19004,146,0.714
19014,146,0.714
19024,146,0.714
19034,146,0.714
19044,146,0.714
19054,146,0.714
19064,146,0.714
19074,145,0.709
19084,146,0.714
19094,146,0.714
19104,146,0.714
19115,146,0.714
19125,146,0.714
19135,146,0.714
19145,146,0.714
19155,146,0.714
19165,146,0.714
19175,146,0.714
19185,146,0.714
19195,146,0.714
19205,146,0.714
19215,146,0.714
19225,146,0.714
19235,146,0.714
19245,146,0.714
19255,146,0.714
19265,146,0.714
19275,146,0.714
19286,146,0.714
19296,146,0.714
19306,146,0.714
19316,146,0.714
19326,146,0.714
19336,146,0.714
19346,146,0.714
19356,146,0.714
19366,146,0.714
19376,146,0.714
19386,146,0.714
19396,147,0.718
19406,146,0.714
19416,146,0.714
19426,146,0.714
19436,146,0.714
19446,146,0.714
19456,146,0.714
19466,146,0.714
19476,146,0.714
19486,146,0.714
19496,146,0.714
19506,146,0.714
19516,146,0.714
19526,147,0.718
19536,146,0.714
19546,146,0.714
19556,146,0.714
19566,146,0.714
19576,147,0.718
19586,146,0.714
19596,146,0.714
19606,146,0.714
19616,146,0.714
19627,147,0.718
19637,146,0.714
19647,146,0.714
19657,147,0.718
19667,147,0.718
19677,147,0.718
19687,146,0.714
19697,147,0.718
19707,146,0.714
19717,146,0.714
19727,147,0.718
19737,147,0.718
19747,146,0.714
19757,146,0.714
19767,147,0.718
19777,147,0.718
19787,146,0.714
19798,147,0.718
19808,147,0.718
19818,147,0.718
19828,147,0.718
19838,147,0.718
19848,147,0.718
19858,147,0.718
19868,147,0.718
19878,147,0.718
19888,147,0.718
19898,147,0.718
19908,147,0.718
19918,147,0.718
19928,147,0.718
19938,147,0.718
19948,147,0.718
19958,147,0.718
19968,147,0.718
19978,147,0.718
19988,147,0.718
19998,147,0.718
20008,147,0.718
20018,147,0.718
20028,147,0.718
20038,147,0.718
20048,147,0.718
20058,147,0.718
20068,147,0.718
20078,147,0.718
20088,147,0.718
20098,147,0.718
20108,147,0.718
20118,147,0.718
20128,147,0.718
20139,147,0.718
20149,147,0.718
20159,147,0.718
20169,147,0.718
20179,147,0.718
20189,147,0.718
20199,147,0.718
20209,147,0.718
20219,147,0.718
20229,147,0.718
20239,147,0.718
20249,147,0.718
20259,147,0.718
20269,147,0.718
20279,147,0.718
20289,148,0.723
20299,147,0.718
20310,148,0.723
20320,147,0.718
20330,147,0.718
20340,148,0.723
20350,147,0.718
20360,148,0.723
20370,147,0.718
20380,147,0.718
20390,148,0.723
20400,147,0.718
20410,148,0.723
20420,147,0.718
20430,148,0.723
20440,148,0.723
20450,147,0.718
20460,148,0.723
20470,148,0.723
20480,147,0.718
20490,148,0.723
20500,147,0.718
20510,148,0.723
20520,148,0.723
20530,148,0.723
20540,148,0.723
20550,148,0.723
20560,148,0.723
20570,148,0.723
20580,148,0.723
20590,148,0.723
20600,147,0.718
20610,148,0.723
20620,148,0.723
20630,148,0.723
20640,148,0.723
20651,148,0.723
20661,148,0.723
20671,149,0.728
20681,148,0.723
20691,148,0.723
20701,148,0.723
20711,148,0.723
20721,148,0.723
20731,148,0.723
20741,148,0.723
20751,148,0.723
20761,148,0.723
20771,148,0.723
20781,148,0.723
20791,148,0.723
20801,148,0.723
20811,148,0.723
20822,148,0.723
20832,148,0.723
20842,148,0.723
20852,148,0.723
20862,148,0.723
20872,148,0.723
20882,148,0.723
20892,148,0.723
20902,148,0.723
20912,148,0.723
20922,148,0.723
20932,148,0.723
20942,148,0.723
20952,148,0.723
20962,148,0.723
20972,148,0.723
20982,148,0.723
20992,148,0.723
21002,148,0.723
21012,148,0.723
21022,148,0.723
21032,148,0.723
21042,148,0.723
21052,148,0.723
21062,148,0.723
21072,149,0.728
21082,148,0.723
21092,148,0.723
21102,149,0.728
21112,149,0.728
21122,148,0.723
21132,148,0.723
21142,148,0.723
21152,149,0.728
21163,148,0.723
21173,148,0.723
21183,148,0.723
21193,148,0.723
21203,148,0.723
21213,148,0.723
21223,148,0.723
21233,148,0.723
21243,149,0.728
21253,150,0.733
21263,149,0.728
21273,149,0.728
21283,149,0.728
21293,149,0.728
21303,149,0.728
21313,149,0.728
21323,149,0.728
21334,149,0.728
21344,150,0.733
21354,150,0.733
21364,149,0.728
21374,150,0.733
21384,149,0.728
21394,149,0.728
21404,150,0.733
21414,150,0.733
21424,149,0.728
21434,150,0.733
21444,150,0.733
21454,149,0.728
21464,149,0.728
21474,150,0.733
21484,150,0.733
21494,150,0.733
21504,150,0.733
21514,150,0.733
21524,150,0.733
21534,150,0.733
21544,149,0.728
21554,150,0.733
21564,150,0.733
21574,150,0.733
21584,150,0.733
21594,150,0.733
21604,150,0.733
21614,150,0.733
21624,150,0.733
21634,150,0.733
21644,150,0.733
21654,150,0.733
21664,149,0.728
21675,150,0.733
21685,150,0.733
21695,150,0.733
21705,150,0.733
21715,150,0.733
21725,150,0.733
21735,150,0.733
21745,150,0.733
21755,150,0.733
21765,150,0.733
21775,150,0.733
21785,150,0.733
21795,150,0.733
21805,150,0.733
21815,150,0.733
21825,150,0.733
21835,150,0.733
21846,150,0.733
21856,150,0.733
21866,150,0.733
21876,150,0.733
21886,150,0.733
21896,150,0.733
21906,150,0.733
21916,150,0.733
21926,150,0.733
21936,150,0.733
21946,150,0.733
21956,150,0.733
21966,150,0.733
21976,150,0.733
21986,150,0.733
21996,150,0.733
22006,150,0.733
22016,150,0.733
22026,150,0.733
22036,151,0.738
22046,150,0.733
22056,150,0.733
22066,150,0.733
22076,150,0.733
22086,150,0.733
22096,150,0.733
22106,150,0.733
22116,151,0.738
22126,150,0.733
22136,150,0.733
22146,150,0.733
22156,150,0.733
22166,150,0.733
22176,150,0.733
22187,150,0.733
22197,150,0.733
22207,150,0.733
22217,150,0.733
22227,150,0.733
22237,150,0.733
22247,150,0.733
22257,151,0.738
22267,151,0.738
22277,150,0.733
22287,151,0.738
22297,151,0.738
22307,150,0.733
22317,150,0.733
22327,150,0.733
22337,151,0.738
22347,151,0.738
22358,150,0.733
22368,151,0.738
22378,151,0.738
22388,151,0.738
22398,151,0.738
22408,151,0.738
22418,151,0.738
22428,151,0.738
22438,151,0.738
22448,150,0.733
22458,151,0.738
22468,151,0.738
22478,151,0.738
22488,151,0.738
22498,151,0.738
22508,150,0.733
22518,151,0.738
22528,151,0.738
22538,151,0.738
22548,151,0.738
22558,151,0.738
22568,151,0.738
22578,151,0.738
22588,151,0.738
22598,151,0.738
22608,151,0.738
22618,151,0.738
22628,151,0.738
22638,151,0.738
22648,151,0.738
22658,151,0.738
22668,151,0.738
22678,151,0.738
22688,151,0.738
22699,151,0.738
22709,151,0.738
22719,151,0.738
22729,151,0.738
22739,151,0.738
22749,151,0.738
22759,151,0.738
22769,145,0.709
22779,144,0.704
22789,144,0.704
22799,144,0.704
22809,144,0.704
22819,144,0.704
22829,144,0.704
22839,144,0.704
22849,144,0.704
22859,144,0.704
22870,144,0.704
22880,144,0.704
22890,144,0.704
22900,144,0.704
22910,144,0.704
22920,144,0.704
22930,145,0.709
22940,145,0.709
22950,144,0.704
22960,144,0.704
22970,144,0.704
22980,145,0.709
22990,145,0.709
23000,145,0.709
23010,145,0.709
23020,145,0.709
23030,145,0.709
23040,145,0.709
23050,145,0.709
23060,145,0.709
23070,145,0.709
23080,145,0.709
23090,145,0.709
23100,145,0.709
23110,145,0.709
23120,145,0.709
23130,145,0.709
23140,145,0.709
23150,145,0.709
23160,145,0.709
23170,145,0.709
23180,145,0.709
23190,145,0.709
23200,145,0.709
23211,145,0.709
23221,145,0.709
23231,145,0.709
23241,145,0.709
23251,145,0.709
23261,145,0.709
23271,145,0.709
23281,145,0.709
23291,145,0.709
23301,145,0.709
23311,145,0.709
23321,145,0.709
23331,145,0.709
23341,145,0.709
23351,145,0.709
23361,145,0.709
23371,145,0.709
23382,145,0.709
23392,146,0.714
23402,145,0.709
23412,145,0.709
23422,146,0.714
23432,146,0.714
23442,146,0.714
23452,145,0.709
23462,146,0.714
23472,146,0.714
23482,146,0.714
23492,146,0.714
23502,146,0.714
23512,146,0.714
23522,145,0.709
23532,146,0.714
23542,146,0.714
23552,146,0.714
23562,146,0.714
23572,146,0.714
23582,146,0.714
23592,146,0.714
23602,146,0.714
23612,146,0.714
23622,146,0.714
23632,146,0.714
23642,146,0.714
23652,146,0.714
23662,146,0.714
23672,147,0.718
23682,146,0.714
23692,146,0.714
23702,146,0.714
23712,146,0.714
23723,146,0.714
23733,146,0.714
23743,146,0.714
23753,146,0.714
23763,146,0.714
23773,147,0.718
23783,146,0.714
23793,146,0.714
23803,146,0.714
23813,147,0.718
23823,146,0.714
23833,146,0.714
23843,147,0.718
23853,146,0.714
23863,146,0.714
23873,146,0.714
23883,146,0.714
23894,146,0.714
23904,146,0.714
23914,147,0.718
23924,147,0.718
23934,146,0.714
23944,146,0.714
23954,146,0.714
23964,146,0.714
23974,147,0.718
23984,147,0.718
23994,147,0.718
24004,147,0.718
24014,147,0.718
24024,147,0.718
24034,147,0.718
24044,147,0.718
24054,146,0.714
24064,147,0.718
24074,147,0.718
24084,147,0.718
24094,146,0.714
24104,147,0.718
24114,147,0.718
24124,147,0.718
24134,147,0.718
24144,147,0.718
24154,147,0.718
24164,147,0.718
24174,147,0.718
24184,147,0.718
24194,147,0.718
24204,147,0.718
24214,147,0.718
24224,147,0.718
24235,147,0.718
24245,147,0.718
24255,147,0.718
24265,147,0.718
24275,147,0.718
24285,147,0.718
24295,147,0.718
24305,147,0.718
24315,147,0.718
24325,147,0.718
24335,147,0.718
24345,148,0.723
24355,147,0.718
24365,147,0.718
24375,147,0.718
24385,147,0.718
24395,147,0.718
24406,147,0.718
24416,147,0.718
24426,147,0.718
24436,147,0.718
24446,147,0.718
24456,147,0.718
24466,147,0.718
24476,147,0.718
24486,147,0.718
24496,147,0.718
24506,147,0.718
24516,147,0.718
24526,147,0.718
24536,147,0.718
24546,147,0.718
24556,147,0.718
24566,147,0.718
24576,147,0.718
24586,147,0.718
24596,147,0.718
24606,147,0.718
24616,147,0.718
24626,147,0.718
24636,148,0.723
24646,147,0.718
24656,147,0.718
24666,147,0.718
24676,147,0.718
24686,148,0.723
24696,147,0.718
24706,147,0.718
24716,147,0.718
24726,147,0.718
24736,147,0.718
24747,147,0.718
24757,147,0.718
24767,147,0.718
24777,147,0.718
24787,147,0.718
24797,147,0.718
24807,148,0.723
24817,147,0.718
24827,148,0.723
24837,148,0.723
24847,147,0.718
24857,147,0.718
24867,148,0.723
24877,148,0.723
24887,148,0.723
24897,147,0.718
24907,148,0.723
24918,148,0.723
24928,147,0.718
24938,148,0.723
24948,148,0.723
24958,148,0.723
24968,147,0.718
24978,148,0.723
24988,148,0.723
24998,148,0.723
25008,148,0.723
25018,148,0.723
25028,149,0.728
25038,149,0.728
25048,148,0.723
25058,148,0.723
25068,149,0.728
25078,148,0.723
25088,148,0.723
25098,149,0.728
25108,148,0.723
25118,149,0.728
25128,149,0.728
25138,149,0.728
25148,148,0.723
25158,149,0.728
25168,149,0.728
25178,148,0.723
25188,149,0.728
25198,149,0.728
25208,149,0.728
25218,149,0.728
25228,149,0.728
25238,149,0.728
25248,149,0.728
25259,149,0.728
25269,149,0.728
25279,149,0.728
25289,149,0.728
25299,149,0.728
25309,149,0.728
25319,149,0.728
25329,149,0.728
25339,149,0.728
25349,149,0.728
25359,149,0.728
25369,149,0.728
25379,149,0.728
25389,149,0.728
25399,149,0.728
25409,149,0.728
25419,149,0.728
25430,149,0.728
25440,149,0.728
25450,149,0.728
25460,149,0.728
25470,149,0.728
25480,149,0.728
25490,149,0.728
25500,149,0.728
25510,149,0.728
25520,149,0.728
25530,149,0.728
25540,149,0.728
25550,149,0.728
25560,149,0.728
25570,149,0.728
25580,149,0.728
25590,149,0.728
25600,149,0.728
25610,149,0.728
25620,149,0.728
25630,149,0.728
25640,149,0.728
25650,149,0.728
25660,149,0.728
25670,149,0.728
25680,149,0.728
25690,149,0.728
25700,150,0.733
25710,149,0.728
25720,149,0.728
25730,149,0.728
25740,149,0.728
25750,149,0.728
25760,149,0.728
25771,149,0.728
25781,149,0.728
25791,149,0.728
25801,149,0.728
25811,150,0.733
25821,149,0.728
25831,149,0.728
25841,149,0.728
25851,150,0.733
25861,149,0.728
25871,149,0.728
25881,149,0.728
25891,149,0.728
25901,149,0.728
25911,150,0.733
25921,150,0.733
25931,150,0.733
25942,150,0.733
25952,150,0.733
25962,150,0.733
25972,149,0.728
25982,150,0.733
25992,149,0.728
26002,150,0.733
26012,150,0.733
26022,150,0.733
26032,150,0.733
26042,149,0.728
26052,150,0.733
26062,149,0.728
26072,150,0.733
26082,150,0.733
26092,150,0.733
26102,150,0.733
26112,150,0.733
26122,149,0.728
26132,150,0.733
26142,150,0.733
26152,150,0.733
26162,150,0.733
26172,150,0.733
26182,150,0.733
26192,150,0.733
26202,150,0.733
26212,150,0.733
26222,149,0.728
26232,150,0.733
26242,150,0.733
26252,150,0.733
26262,150,0.733
26272,150,0.733
26283,150,0.733
26293,150,0.733
26303,150,0.733
26313,150,0.733
26323,150,0.733
26333,150,0.733
26343,150,0.733
26353,150,0.733
26363,150,0.733
26373,150,0.733
26383,150,0.733
26393,150,0.733
26403,150,0.733
26413,150,0.733
26423,150,0.733
26433,150,0.733
26443,150,0.733
26454,150,0.733
26464,150,0.733
26474,150,0.733
26484,150,0.733
26494,150,0.733
26504,150,0.733
26514,150,0.733
26524,150,0.733
26534,150,0.733
26544,150,0.733
26554,150,0.733
26564,150,0.733
26574,150,0.733
26584,150,0.733
26594,150,0.733
26604,150,0.733
26614,150,0.733
26624,150,0.733
26634,150,0.733
26644,150,0.733
26654,150,0.733
26664,150,0.733
26674,150,0.733
26684,150,0.733
26694,150,0.733
26704,150,0.733
26714,150,0.733
26724,151,0.738
26734,150,0.733
26744,150,0.733
26754,151,0.738
26764,150,0.733
26774,150,0.733
26784,150,0.733
26795,151,0.738
26805,150,0.733
26815,151,0.738
26825,150,0.733
26835,150,0.733
26845,151,0.738
26855,150,0.733
26865,150,0.733
26875,151,0.738
26885,150,0.733
26895,151,0.738
26905,151,0.738
26915,151,0.738
26925,151,0.738
26935,151,0.738
26945,151,0.738
26955,151,0.738
26966,151,0.738
26976,151,0.738
26986,151,0.738
26996,151,0.738
27006,151,0.738
27016,151,0.738
27026,151,0.738
27036,151,0.738
27046,151,0.738
27056,151,0.738
27066,151,0.738
27076,150,0.733
27086,151,0.738
27096,151,0.738
27106,151,0.738
27116,150,0.733
27126,151,0.738
27136,151,0.738
27146,151,0.738
27156,151,0.738
27166,151,0.738
27176,151,0.738
27186,151,0.738
27196,151,0.738
27206,151,0.738
27216,151,0.738
27226,151,0.738
27236,151,0.738
27246,151,0.738
27256,151,0.738
27266,151,0.738
27276,151,0.738
27286,151,0.738
27296,151,0.738
27307,151,0.738
27317,151,0.738
27327,151,0.738
27337,151,0.738
27347,151,0.738
27357,145,0.709
27367,145,0.709
27377,145,0.709
27387,145,0.709
27397,145,0.709
27407,144,0.704
27417,145,0.709
27427,144,0.704
27437,144,0.704
27447,145,0.709
27457,145,0.709
27467,145,0.709
27478,145,0.709
27488,145,0.709
27498,145,0.709
27508,145,0.709
27518,145,0.709
27528,145,0.709
27538,145,0.709
27548,145,0.709
27558,145,0.709
27568,145,0.709
27578,145,0.709
27588,145,0.709
27598,145,0.709
27608,145,0.709
27618,145,0.709
27628,145,0.709
27638,145,0.709
27648,145,0.709
27658,145,0.709
27668,145,0.709
27678,145,0.709
27688,145,0.709
27698,145,0.709
27708,145,0.709
27718,145,0.709
27728,146,0.714
27738,145,0.709
27748,145,0.709
27758,145,0.709
27768,145,0.709
27778,145,0.709
27788,146,0.714
27798,145,0.709
27808,145,0.709
27819,145,0.709
27829,145,0.709
27839,145,0.709
27849,145,0.709
27859,145,0.709
27869,145,0.709
27879,145,0.709
27889,145,0.709
27899,145,0.709
27909,145,0.709
27919,146,0.714
27929,145,0.709
27939,145,0.709
27949,145,0.709
27959,145,0.709
27969,146,0.714
27979,145,0.709
27990,146,0.714
28000,146,0.714
28010,146,0.714
28020,145,0.709
28030,145,0.709
28040,146,0.714
28050,146,0.714
28060,146,0.714
28070,146,0.714
28080,146,0.714
28090,146,0.714
28100,146,0.714
28110,146,0.714
28120,146,0.714
28130,146,0.714
28140,146,0.714
28150,146,0.714
28160,146,0.714
28170,146,0.714
28180,146,0.714
28190,146,0.714
28200,146,0.714
28210,146,0.714
28220,146,0.714
28230,146,0.714
28240,146,0.714
28250,146,0.714
28260,146,0.714
28270,146,0.714
28280,146,0.714
28290,146,0.714
28300,146,0.714
28310,146,0.714
28320,146,0.714
28331,146,0.714
28341,146,0.714
28351,146,0.714
28361,146,0.714
28371,146,0.714
28381,146,0.714
28391,146,0.714
28401,146,0.714
28411,146,0.714
28421,146,0.714
28431,146,0.714
28441,146,0.714
28451,146,0.714
28461,146,0.714
28471,146,0.714
28481,146,0.714
28491,147,0.718
28502,146,0.714
28512,146,0.714
28522,146,0.714
28532,146,0.714
28542,146,0.714
28552,146,0.714
28562,147,0.718
28572,146,0.714
28582,146,0.714
28592,146,0.714
28602,146,0.714
28612,146,0.714
28622,146,0.714
28632,146,0.714
28642,146,0.714
28652,146,0.714
28662,147,0.718
28672,146,0.714
28682,146,0.714
28692,146,0.714
28702,146,0.714
28712,146,0.714
28722,146,0.714
28732,146,0.714
28742,146,0.714
28752,146,0.714
28762,146,0.714
28772,147,0.718
28782,147,0.718
28792,146,0.714
28802,147,0.718
28812,147,0.718
28822,147,0.718
28832,147,0.718
28843,147,0.718
28853,147,0.718
28863,146,0.714
28873,147,0.718
28883,146,0.714
28893,147,0.718
28903,147,0.718
28913,147,0.718
28923,147,0.718
28933,147,0.718
28943,147,0.718
28953,147,0.718
28963,147,0.718
28973,147,0.718
28983,147,0.718
28993,147,0.718
29003,147,0.718
29014,147,0.718
29024,147,0.718
29034,147,0.718
29044,147,0.718
29054,147,0.718
29064,147,0.718
29074,147,0.718
29084,147,0.718
29094,147,0.718
29104,147,0.718
29114,147,0.718
29124,147,0.718
29134,147,0.718
29144,147,0.718
29154,147,0.718
29164,147,0.718
29174,147,0.718
29184,147,0.718
29194,147,0.718
29204,147,0.718
29214,147,0.718
29224,147,0.718
29234,147,0.718
29244,147,0.718
29254,147,0.718
29264,147,0.718
29274,147,0.718
29284,148,0.723
29294,147,0.718
29304,147,0.718
29314,147,0.718
29324,147,0.718
29334,147,0.718
29344,147,0.718
29355,147,0.718
29365,147,0.718
29375,147,0.718
29385,147,0.718
29395,147,0.718
29405,148,0.723
29415,147,0.718
29425,147,0.718
29435,148,0.723
29445,147,0.718
29455,147,0.718
29465,147,0.718
29475,147,0.718
29485,147,0.718
29495,147,0.718
29505,148,0.723
29515,147,0.718
29526,148,0.723
29536,147,0.718
29546,147,0.718
29556,147,0.718
29566,147,0.718
29576,147,0.718
29586,148,0.723
29596,147,0.718
29606,148,0.723
29616,148,0.723
29626,148,0.723
29636,147,0.718
29646,148,0.723
29656,148,0.723
29666,147,0.718
29676,148,0.723
29686,148,0.723
29696,148,0.723
29706,148,0.723
29716,148,0.723
29726,147,0.718
29736,148,0.723
29746,148,0.723
29756,148,0.723
29766,148,0.723
29776,148,0.723
29786,148,0.723
29796,148,0.723
29806,148,0.723
29816,148,0.723
29826,148,0.723
29836,148,0.723
29846,148,0.723
29856,148,0.723
29867,148,0.723
29877,148,0.723
29887,148,0.723
29897,148,0.723
29907,148,0.723
29917,148,0.723
29927,148,0.723
29937,148,0.723
29947,148,0.723
29957,148,0.723
29967,148,0.723
29977,148,0.723
29987,148,0.723
29997,148,0.723
30007,148,0.723
30017,148,0.723
30027,148,0.723
30038,148,0.723
30048,148,0.723
30058,148,0.723
30068,148,0.723
30078,148,0.723
30088,148,0.723
30098,149,0.728
30108,148,0.723
30118,148,0.723
30128,148,0.723
30138,148,0.723
30148,148,0.723
30158,148,0.723
30168,148,0.723
30178,148,0.723
30188,148,0.723
30198,149,0.728
30208,149,0.728
30218,148,0.723
30228,148,0.723
30238,149,0.728
30248,148,0.723
30258,148,0.723
30268,148,0.723
30278,148,0.723
30288,148,0.723
30298,149,0.728
30308,148,0.723
30318,148,0.723
30328,148,0.723
30338,148,0.723
30348,149,0.728
30358,148,0.723
30368,148,0.723
30379,148,0.723
30389,148,0.723
30399,149,0.728
30409,148,0.723
30419,149,0.728
30429,149,0.728
30439,148,0.723
30449,148,0.723
30459,148,0.723
30469,148,0.723
30479,148,0.723
30489,149,0.728
30499,149,0.728
30509,149,0.728
30519,149,0.728
30529,149,0.728
30539,149,0.728
30550,149,0.728
30560,148,0.723
30570,149,0.728
30580,149,0.728
30590,149,0.728
30600,149,0.728
30610,149,0.728
30620,149,0.728
30630,149,0.728
30640,149,0.728
30650,149,0.728
30660,149,0.728
30670,149,0.728
30680,149,0.728
30690,149,0.728
30700,149,0.728
30710,149,0.728
30720,149,0.728
30730,149,0.728
30740,149,0.728
30750,149,0.728
30760,149,0.728
30770,149,0.728
30780,149,0.728
30790,149,0.728
30800,149,0.728
30810,149,0.728
30820,149,0.728
30830,149,0.728
30840,149,0.728
30850,149,0.728
30860,149,0.728
30870,149,0.728
30880,149,0.728
30891,149,0.728
30901,149,0.728
30911,149,0.728
30921,149,0.728
30931,149,0.728
30941,149,0.728
30951,149,0.728
30961,149,0.728
30971,149,0.728
30981,149,0.728
30991,149,0.728
31001,150,0.733
31011,150,0.733
31021,149,0.728
31031,149,0.728
31041,149,0.728
31051,149,0.728
31062,149,0.728
31072,149,0.728
31082,149,0.728
31092,149,0.728
31102,149,0.728
31112,149,0.728
31122,149,0.728
31132,149,0.728
31142,149,0.728
31152,149,0.728
31162,149,0.728
31172,150,0.733
31182,149,0.728
31192,149,0.728
31202,149,0.728
31212,149,0.728
31222,149,0.728
31232,149,0.728
31242,149,0.728
31252,149,0.728
31262,149,0.728
31272,150,0.733
31282,149,0.728
31292,149,0.728
31302,149,0.728
31312,149,0.728
31322,150,0.733
31332,149,0.728
31342,150,0.733
31352,150,0.733
31362,149,0.728
31372,150,0.733
31382,150,0.733
31392,150,0.733
31403,149,0.728
31413,150,0.733
31423,150,0.733
31433,150,0.733
31443,149,0.728
31453,150,0.733
31463,150,0.733
31473,150,0.733
31483,150,0.733
31493,150,0.733
31503,150,0.733
31513,150,0.733
31523,150,0.733
31533,150,0.733
31543,150,0.733
31553,150,0.733
31563,150,0.733
31574,150,0.733
31584,150,0.733
31594,150,0.733
31604,150,0.733
31614,150,0.733
31624,150,0.733
31634,150,0.733
31644,150,0.733
31654,150,0.733
31664,150,0.733
31674,150,0.733
31684,150,0.733
31694,150,0.733
31704,150,0.733
31714,150,0.733
31724,150,0.733
31734,150,0.733
31744,150,0.733
31754,150,0.733
31764,150,0.733
31774,150,0.733
31784,150,0.733
31794,150,0.733
31804,150,0.733
31814,150,0.733
31824,150,0.733
31834,150,0.733
31844,150,0.733
31854,150,0.733
31864,150,0.733
31874,150,0.733
31884,150,0.733
31894,150,0.733
31904,150,0.733
31915,150,0.733
31925,150,0.733
31935,150,0.733
31945,150,0.733
31955,150,0.733
31965,150,0.733
31975,150,0.733
31985,150,0.733
31995,150,0.733
32005,150,0.733
32015,150,0.733
32025,150,0.733
32035,150,0.733
32045,150,0.733
32055,150,0.733
32065,150,0.733
32075,150,0.733
32086,150,0.733
32096,150,0.733
32106,151,0.738
32116,150,0.733
32126,151,0.738
32136,151,0.738
32146,150,0.733
32156,151,0.738
32166,150,0.733
32176,150,0.733
32186,150,0.733
32196,150,0.733
32206,151,0.738
32216,150,0.733
32226,150,0.733
32236,150,0.733
32246,151,0.738
32256,151,0.738
32266,151,0.738
32276,151,0.738
32286,151,0.738
32296,151,0.738
32306,151,0.738
32316,151,0.738
32326,151,0.738
32336,145,0.709
32346,145,0.709
32356,145,0.709
32366,144,0.704
32376,144,0.704
32386,144,0.704
32396,144,0.704
32406,144,0.704
32416,144,0.704
32427,144,0.704
32437,145,0.709
32447,145,0.709
32457,145,0.709
32467,145,0.709
32477,144,0.704
32487,145,0.709
32497,145,0.709
32507,145,0.709
32517,145,0.709
32527,145,0.709
32537,145,0.709
32547,145,0.709
32557,145,0.709
32567,145,0.709
32577,145,0.709
32587,145,0.709
32598,145,0.709
32608,145,0.709
32618,145,0.709
32628,145,0.709
32638,145,0.709
32648,145,0.709
32658,145,0.709
32668,145,0.709
32678,145,0.709
32688,145,0.709
32698,145,0.709
32708,145,0.709
32718,145,0.709
32728,145,0.709
32738,145,0.709
32748,145,0.709
32758,145,0.709
32768,145,0.709
32778,145,0.709
32788,145,0.709
32798,145,0.709
32808,145,0.709
32818,145,0.709
32828,145,0.709
32838,145,0.709
32848,145,0.709
32858,145,0.709
32868,145,0.709
32878,145,0.709
32888,145,0.709
32898,145,0.709
32908,145,0.709
32918,145,0.709
32928,145,0.709
32939,145,0.709
32949,146,0.714
32959,145,0.709
32969,145,0.709
32979,145,0.709
32989,145,0.709
32999,145,0.709
33009,145,0.709
33019,145,0.709
33029,145,0.709
33039,146,0.714
33049,146,0.714
33059,146,0.714
33069,146,0.714
33079,146,0.714
33089,146,0.714
33099,145,0.709
33110,145,0.709
33120,145,0.709
33130,145,0.709
33140,145,0.709
33150,146,0.714
33160,146,0.714
33170,146,0.714
33180,146,0.714
33190,146,0.714
33200,146,0.714
33210,146,0.714
33220,146,0.714
33230,146,0.714
33240,146,0.714
33250,146,0.714
33260,146,0.714
33270,146,0.714
33280,146,0.714
33290,146,0.714
33300,146,0.714
33310,146,0.714
33320,146,0.714
33330,146,0.714
33340,146,0.714
33350,146,0.714
33360,146,0.714
33370,146,0.714
33380,146,0.714
33390,146,0.714
33400,146,0.714
33410,146,0.714
33420,146,0.714
33430,146,0.714
33440,146,0.714
33451,146,0.714
33461,146,0.714
33471,146,0.714
33481,146,0.714
33491,146,0.714
33501,146,0.714
33511,146,0.714
33521,146,0.714
33531,146,0.714
33541,146,0.714
33551,146,0.714
33561,146,0.714
33571,146,0.714
33581,146,0.714
33591,146,0.714
33601,147,0.718
33611,146,0.714
33622,146,0.714
33632,146,0.714
33642,146,0.714
33652,146,0.714
33662,147,0.718
33672,146,0.714
33682,147,0.718
33692,147,0.718
33702,146,0.714
33712,147,0.718
33722,146,0.714
33732,146,0.714
33742,146,0.714
33752,146,0.714
33762,147,0.718
33772,147,0.718
33782,146,0.714
33792,146,0.714
33802,147,0.718
33812,147,0.718
33822,146,0.714
33832,147,0.718
33842,146,0.714
33852,147,0.718
33862,147,0.718
33872,146,0.714
33882,147,0.718
33892,147,0.718
33902,147,0.718
33912,147,0.718
33922,147,0.718
33932,147,0.718
33942,147,0.718
33952,147,0.718
33963,147,0.718
33973,147,0.718
33983,147,0.718
33993,147,0.718
34003,147,0.718
34013,147,0.718
34023,147,0.718
34033,147,0.718
34043,147,0.718
34053,147,0.718
34063,147,0.718
34073,147,0.718
34083,147,0.718
34093,147,0.718
34103,147,0.718
34113,147,0.718
34123,147,0.718
34134,147,0.718
34144,147,0.718
34154,147,0.718
34164,147,0.718
34174,147,0.718
34184,147,0.718
34194,147,0.718
34204,147,0.718
34214,147,0.718
34224,147,0.718
34234,147,0.718
34244,147,0.718
34254,147,0.718
34264,147,0.718
34274,147,0.718
34284,147,0.718
34294,147,0.718
34304,147,0.718
34314,147,0.718
34324,147,0.718
34334,147,0.718
34344,147,0.718
34354,147,0.718
34364,147,0.718
34374,147,0.718
34384,148,0.723
34394,147,0.718
34404,147,0.718
34414,147,0.718
34424,147,0.718
34434,147,0.718
34444,147,0.718
34454,147,0.718
34464,147,0.718
34475,147,0.718
34485,147,0.718
34495,147,0.718
34505,147,0.718
34515,147,0.718
34525,147,0.718
34535,148,0.723
34545,147,0.718
34555,148,0.723
34565,147,0.718
34575,147,0.718
34585,147,0.718
34595,147,0.718
34605,147,0.718
34615,147,0.718
34625,147,0.718
34635,147,0.718
34646,147,0.718
34656,147,0.718
34666,148,0.723
34676,148,0.723
34686,147,0.718
34696,147,0.718
34706,147,0.718
34716,147,0.718
34726,148,0.723
34736,147,0.718
34746,147,0.718
34756,148,0.723
34766,147,0.718
34776,147,0.718
34786,148,0.723
34796,148,0.723
34806,148,0.723
34816,148,0.723
34826,148,0.723
34836,148,0.723
34846,148,0.723
34856,148,0.723
34866,148,0.723
34876,148,0.723
34886,148,0.723
34896,148,0.723
34906,148,0.723
34916,148,0.723
34926,148,0.723
34936,148,0.723
34946,147,0.718
34956,148,0.723
34966,148,0.723
34976,148,0.723
34987,148,0.723
34997,148,0.723
35007,148,0.723
35017,148,0.723
35027,148,0.723
35037,148,0.723
35047,148,0.723
35057,148,0.723
35067,148,0.723
35077,148,0.723
35087,148,0.723
35097,148,0.723
35107,148,0.723
35117,148,0.723
35127,148,0.723
35137,148,0.723
35147,148,0.723
35158,148,0.723
35168,148,0.723
35178,148,0.723
35188,149,0.728
35198,148,0.723
35208,148,0.723
35218,148,0.723
35228,148,0.723
35238,148,0.723
35248,148,0.723
35258,148,0.723
35268,148,0.723
35278,148,0.723
35288,148,0.723
35298,148,0.723
35308,148,0.723
35318,148,0.723
35328,148,0.723
35338,148,0.723
35348,148,0.723
35358,149,0.728
35368,149,0.728
35378,149,0.728
35388,149,0.728
35398,149,0.728
35408,149,0.728
35418,149,0.728
35428,149,0.728
35438,149,0.728
35448,149,0.728
35458,149,0.728
35468,149,0.728
35478,149,0.728
35488,149,0.728
35499,149,0.728
35509,149,0.728
35519,149,0.728
35529,149,0.728
35539,149,0.728
35549,149,0.728
35559,149,0.728
35569,149,0.728
35579,149,0.728
35589,149,0.728
35599,149,0.728
35609,149,0.728
35619,149,0.728
35629,149,0.728
35639,149,0.728
35649,149,0.728
35659,149,0.728
35670,149,0.728
35680,149,0.728
35690,149,0.728
35700,149,0.728
35710,149,0.728
35720,149,0.728
35730,149,0.728
35740,149,0.728
35750,149,0.728
35760,149,0.728
35770,149,0.728
35780,149,0.728
35790,149,0.728
35800,149,0.728
35810,149,0.728
35820,149,0.728
35830,149,0.728
35840,150,0.733
35850,150,0.733
35860,149,0.728
35870,149,0.728
35880,149,0.728
35890,149,0.728
35900,149,0.728
35910,149,0.728
35920,149,0.728
35930,149,0.728
35940,150,0.733
35950,149,0.728
35960,149,0.728
35970,149,0.728
35980,149,0.728
35990,150,0.733
36000,150,0.733
36011,150,0.733
36021,150,0.733
36031,149,0.728
36041,149,0.728
36051,150,0.733
36061,150,0.733
36071,150,0.733
36081,150,0.733
36091,149,0.728
36101,149,0.728
36111,150,0.733
36121,150,0.733
36131,150,0.733
36141,150,0.733
36151,150,0.733
36161,150,0.733
36171,150,0.733
36182,150,0.733
36192,150,0.733
36202,150,0.733
36212,150,0.733
36222,150,0.733
36232,150,0.733
36242,150,0.733
36252,150,0.733
36262,150,0.733
36272,150,0.733
36282,150,0.733
36292,150,0.733
36302,150,0.733
36312,150,0.733
36322,150,0.733
36332,150,0.733
36342,150,0.733
36352,150,0.733
36362,150,0.733
36372,150,0.733
36382,150,0.733
36392,150,0.733
36402,150,0.733
36412,150,0.733
36422,150,0.733
36432,150,0.733
36442,150,0.733
36452,150,0.733
36462,150,0.733
36472,150,0.733
36482,150,0.733
36492,150,0.733
36502,150,0.733
36512,150,0.733
36523,151,0.738
36533,151,0.738
36543,151,0.738
36553,151,0.738
36563,150,0.733
36573,150,0.733
36583,150,0.733
36593,150,0.733
36603,150,0.733
36613,150,0.733
36623,151,0.738
36633,151,0.738
36643,151,0.738
36653,151,0.738
36663,150,0.733
36673,151,0.738
36683,151,0.738
36694,151,0.738
36704,150,0.733
36714,151,0.738
36724,151,0.738
36734,151,0.738
36744,151,0.738
36754,151,0.738
36764,151,0.738
36774,151,0.738
36784,151,0.738
36794,151,0.738
36804,151,0.738
36814,151,0.738
36824,151,0.738
36834,151,0.738
36844,151,0.738
36854,151,0.738
36864,151,0.738
36874,151,0.738
36884,151,0.738
36894,151,0.738
36904,151,0.738
36914,151,0.738
36924,151,0.738
36934,151,0.738
36944,151,0.738
36954,151,0.738
36964,151,0.738
36974,151,0.738
36984,151,0.738
36994,151,0.738
37004,151,0.738
37014,151,0.738
37024,151,0.738
37035,151,0.738
37045,151,0.738
37055,151,0.738
37065,151,0.738
37075,151,0.738
37085,151,0.738
37095,151,0.738
37105,151,0.738
37115,151,0.738
37125,151,0.738
37135,145,0.709
37145,144,0.704
37155,145,0.709
37165,144,0.704
37175,144,0.704
37185,144,0.704
37195,144,0.704
37206,144,0.704
37216,144,0.704
37226,145,0.709
37236,145,0.709
37246,145,0.709
37256,145,0.709
37266,144,0.704
37276,144,0.704
37286,144,0.704
37296,145,0.709
37306,145,0.709
37316,144,0.704
37326,145,0.709
37336,145,0.709
37346,145,0.709
37356,145,0.709
37366,145,0.709
37376,145,0.709
37386,145,0.709
37396,145,0.709
37406,145,0.709
37416,145,0.709
37426,145,0.709
37436,145,0.709
37446,145,0.709
37456,145,0.709
37466,145,0.709
37476,145,0.709
37486,145,0.709
37496,145,0.709
37506,145,0.709
37516,145,0.709
37526,145,0.709
37536,145,0.709
37547,145,0.709
37557,145,0.709
37567,145,0.709
37577,145,0.709
37587,145,0.709
37597,145,0.709
37607,145,0.709
37617,145,0.709
37627,145,0.709
37637,146,0.714
37647,145,0.709
37657,145,0.709
37667,145,0.709
37677,145,0.709
37687,145,0.709
37697,146,0.714
37707,145,0.709
37718,145,0.709
37728,145,0.709
37738,145,0.709
37748,145,0.709
37758,145,0.709
37768,145,0.709
37778,145,0.709
37788,145,0.709
37798,146,0.714
37808,145,0.709
37818,145,0.709
37828,145,0.709
37838,146,0.714
37848,145,0.709
37858,145,0.709
37868,145,0.709
37878,145,0.709
37888,146,0.714
37898,145,0.709
37908,145,0.709
37918,145,0.709
37928,146,0.714
37938,146,0.714
37948,146,0.714
37958,145,0.709
37968,145,0.709
37978,146,0.714
37988,146,0.714
37998,146,0.714
38008,146,0.714
38018,146,0.714
38028,146,0.714
38038,146,0.714
38048,146,0.714
38059,146,0.714
38069,146,0.714
38079,146,0.714
38089,145,0.709
38099,146,0.714
38109,146,0.714
38119,146,0.714
38129,146,0.714
38139,147,0.718
38149,146,0.714
38159,146,0.714
38169,146,0.714
38179,146,0.714
38189,146,0.714
38199,146,0.714
38209,146,0.714
38219,146,0.714
38230,146,0.714
38240,146,0.714
38250,146,0.714
38260,146,0.714
38270,146,0.714
38280,146,0.714
38290,147,0.718
38300,146,0.714
38310,146,0.714
38320,146,0.714
38330,146,0.714
38340,146,0.714
38350,146,0.714
38360,146,0.714
38370,146,0.714
38380,147,0.718
38390,146,0.714
38400,146,0.714
38410,146,0.714
38420,146,0.714
38430,146,0.714
38440,146,0.714
38450,146,0.714
38460,146,0.714
38470,146,0.714
38480,146,0.714
38490,146,0.714
38500,146,0.714
38510,146,0.714
38520,147,0.718
38530,146,0.714
38540,146,0.714
38550,146,0.714
38560,146,0.714
38571,146,0.714
38581,146,0.714
38591,146,0.714
38601,147,0.718
38611,146,0.714
38621,146,0.714
38631,146,0.714
38641,146,0.714
38651,146,0.714
38661,146,0.714
38671,147,0.718
38681,147,0.718
38691,146,0.714
38701,146,0.714
38711,147,0.718
38721,147,0.718
38731,147,0.718
38742,147,0.718
38752,147,0.718
38762,148,0.723
38772,147,0.718
38782,147,0.718
38792,148,0.723
38802,147,0.718
38812,148,0.723
38822,147,0.718
38832,148,0.723
38842,147,0.718
38852,147,0.718
38862,148,0.723
38872,147,0.718
38882,147,0.718
38892,148,0.723
38902,147,0.718
38912,148,0.723
38922,147,0.718
38932,147,0.718
38942,147,0.718
38952,147,0.718
38962,148,0.723
38972,147,0.718
38982,148,0.723
38992,148,0.723
39002,147,0.718
39012,147,0.718
39022,148,0.723
39032,148,0.723
39042,147,0.718
39052,147,0.718
39062,148,0.723
39072,148,0.723
39083,147,0.718
39093,148,0.723
39103,148,0.723
39113,147,0.718
39123,147,0.718
39133,148,0.723
39143,148,0.723
39153,147,0.718
39163,148,0.723
39173,148,0.723
39183,148,0.723
39193,148,0.723
39203,148,0.723
39213,148,0.723
39223,148,0.723
39233,148,0.723
39243,148,0.723
39254,148,0.723
39264,147,0.718
39274,148,0.723
39284,148,0.723
39294,148,0.723
39304,148,0.723
39314,148,0.723
39324,148,0.723
39334,148,0.723
39344,148,0.723
39354,148,0.723
39364,148,0.723
39374,148,0.723
39384,148,0.723
39394,148,0.723
39404,148,0.723
39414,148,0.723
39424,148,0.723
39434,148,0.723
39444,148,0.723
39454,148,0.723
39464,148,0.723
39474,148,0.723
39484,148,0.723
39494,148,0.723
39504,148,0.723
39514,148,0.723
39524,148,0.723
39534,148,0.723
39544,148,0.723
39554,148,0.723
39564,148,0.723
39574,148,0.723
39584,148,0.723
39595,148,0.723
39605,148,0.723
39615,148,0.723
39625,148,0.723
39635,148,0.723
39645,148,0.723
39655,148,0.723
39665,148,0.723
39675,148,0.723
39685,148,0.723
39695,148,0.723
39705,148,0.723
39715,149,0.728
39725,148,0.723
39735,148,0.723
39745,148,0.723
39755,148,0.723
39766,148,0.723
39776,148,0.723
39786,148,0.723
39796,148,0.723
39806,149,0.728
39816,148,0.723
39826,148,0.723
39836,148,0.723
39846,148,0.723
39856,148,0.723
39866,148,0.723
39876,148,0.723
39886,149,0.728
39896,148,0.723
39906,149,0.728
39916,149,0.728
39926,148,0.723
39936,148,0.723
39946,148,0.723
39956,148,0.723
39966,148,0.723
39976,148,0.723
39986,148,0.723
39996,148,0.723
40006,149,0.728
40016,148,0.723
40026,148,0.723
40036,149,0.728
40046,148,0.723
40056,148,0.723
40066,148,0.723
40076,148,0.723
40086,149,0.728
40096,149,0.728
40107,148,0.723
40117,149,0.728
40127,149,0.728
40137,148,0.723
40147,149,0.728
40157,148,0.723
40167,148,0.723
40177,149,0.728
40187,149,0.728
40197,149,0.728
40207,148,0.723
40217,149,0.728
40227,149,0.728
40237,149,0.728
40247,149,0.728
40257,149,0.728
40267,149,0.728
40278,149,0.728
40288,149,0.728
40298,149,0.728
40308,149,0.728
40318,149,0.728
40328,149,0.728
40338,149,0.728
40348,149,0.728
40358,149,0.728
40368,149,0.728
40378,149,0.728
40388,149,0.728
40398,149,0.728
40408,149,0.728
40418,149,0.728
40428,149,0.728
40438,149,0.728
40448,149,0.728
40458,149,0.728
40468,149,0.728
40478,149,0.728
40488,149,0.728
40498,149,0.728
40508,149,0.728
40518,149,0.728
40528,149,0.728
40538,149,0.728
40548,149,0.728
40558,149,0.728
40568,149,0.728
40578,149,0.728
40588,149,0.728
40598,149,0.728
40608,149,0.728
40619,149,0.728
40629,149,0.728
40639,149,0.728
40649,149,0.728
40659,149,0.728
40669,149,0.728
40679,149,0.728
40689,149,0.728
40699,149,0.728
40709,149,0.728
40719,149,0.728
40729,149,0.728
40739,150,0.733
40749,149,0.728
40759,149,0.728
40769,149,0.728
40779,149,0.728
40790,149,0.728
40800,150,0.733
40810,149,0.728
40820,149,0.728
40830,149,0.728
40840,149,0.728
40850,149,0.728
40860,149,0.728
40870,149,0.728
40880,149,0.728
40890,149,0.728
40900,150,0.733
40910,150,0.733
40920,149,0.728
40930,150,0.733
40940,149,0.728
40950,149,0.728
40960,149,0.728
40970,149,0.728
40980,149,0.728
40990,149,0.728
41000,150,0.733
41010,150,0.733
41020,149,0.728
41030,150,0.733
41040,149,0.728
41050,150,0.733
41060,149,0.728
41070,149,0.728
41080,149,0.728
41090,149,0.728
41100,149,0.728
41110,150,0.733
41120,149,0.728
41131,150,0.733
41141,150,0.733
41151,150,0.733
41161,150,0.733
41171,150,0.733
41181,150,0.733
41191,150,0.733
41201,150,0.733
41211,150,0.733
41221,150,0.733
41231,150,0.733
41241,150,0.733
41251,150,0.733
41261,150,0.733
41271,150,0.733
41281,150,0.733
41291,150,0.733
41302,150,0.733
41312,150,0.733
41322,150,0.733
41332,150,0.733
41342,150,0.733
41352,150,0.733
41362,150,0.733
41372,150,0.733
41382,150,0.733
41392,150,0.733
41402,150,0.733
41412,150,0.733
41422,150,0.733
41432,150,0.733
41442,150,0.733
41452,150,0.733
41462,150,0.733
41472,150,0.733
41482,150,0.733
41492,150,0.733
41502,150,0.733
41512,150,0.733
41522,150,0.733
41532,150,0.733
41542,150,0.733
41552,150,0.733
41562,150,0.733
41572,150,0.733
41582,150,0.733
41592,150,0.733
41602,150,0.733
41612,150,0.733
41622,150,0.733
41632,150,0.733
41643,150,0.733
41653,150,0.733
41663,150,0.733
41673,150,0.733
41683,150,0.733
41693,150,0.733
41703,150,0.733
41713,150,0.733
41723,150,0.733
41733,150,0.733
41743,150,0.733
41753,151,0.738
41763,150,0.733
41773,150,0.733
41783,150,0.733
41793,150,0.733
41803,151,0.738
41814,150,0.733
41824,150,0.733
41834,150,0.733
41844,151,0.738
41854,150,0.733
41864,150,0.733
41874,150,0.733
41884,150,0.733
41894,150,0.733
41904,150,0.733
41914,151,0.738
41924,151,0.738
41934,150,0.733
41944,151,0.738
41954,151,0.738
41964,151,0.738
41974,151,0.738
41984,151,0.738
41994,151,0.738
42004,151,0.738
42014,151,0.738
42024,151,0.738
42034,151,0.738
42044,151,0.738
42054,151,0.738
42064,151,0.738
42074,151,0.738
42084,151,0.738
42094,145,0.709
42104,144,0.704
42114,144,0.704
42124,144,0.704
42134,144,0.704
42144,144,0.704
42155,144,0.704
42165,144,0.704
42175,144,0.704
42185,144,0.704
42195,144,0.704
42205,144,0.704
42215,145,0.709
42225,144,0.704
42235,145,0.709
42245,145,0.709
42255,145,0.709
42265,145,0.709
42275,145,0.709
42285,146,0.714
42295,146,0.714
42305,146,0.714
42315,146,0.714
42326,146,0.714
42336,146,0.714
42346,146,0.714
42356,146,0.714
42366,146,0.714
42376,146,0.714
42386,146,0.714
42396,146,0.714
42406,146,0.714
42416,146,0.714
42426,146,0.714
42436,146,0.714
42446,146,0.714
42456,146,0.714
42466,146,0.714
42476,146,0.714
42486,146,0.714
42496,146,0.714
42506,146,0.714
42516,146,0.714
42526,146,0.714
42536,146,0.714
42546,146,0.714
42556,146,0.714
42566,146,0.714
42576,146,0.714
42586,146,0.714
42596,146,0.714
42606,146,0.714
42616,146,0.714
42626,146,0.714
42636,146,0.714
42646,146,0.714
42656,147,0.718
42667,146,0.714
42677,147,0.718
42687,146,0.714
42697,146,0.714
42707,146,0.714
42717,146,0.714
42727,147,0.718
42737,146,0.714
42747,147,0.718
42757,146,0.714
42767,146,0.714
42777,147,0.718
42787,146,0.714
42797,147,0.718
42807,146,0.714
42817,146,0.714
42827,147,0.718
42838,147,0.718
42848,146,0.714
42858,147,0.718
42868,146,0.714
42878,147,0.718
42888,146,0.714
42898,147,0.718
42908,147,0.718
42918,146,0.714
42928,146,0.714
42938,146,0.714
42948,147,0.718
42958,147,0.718
42968,147,0.718
42978,147,0.718
42988,147,0.718
42998,147,0.718
43008,147,0.718
43018,147,0.718
43028,147,0.718
43038,146,0.714
43048,147,0.718
43058,147,0.718
43068,147,0.718
43078,147,0.718
43088,147,0.718
43098,146,0.714
43108,147,0.718
43118,147,0.718
43128,147,0.718
43138,147,0.718
43148,147,0.718
43158,147,0.718
43168,147,0.718
43179,147,0.718
43189,147,0.718
43199,147,0.718
43209,147,0.718
43219,147,0.718
43229,147,0.718
43239,147,0.718
43249,147,0.718
43259,147,0.718
43269,147,0.718
43279,147,0.718
43289,147,0.718
43299,147,0.718
43309,148,0.723
43319,147,0.718
43329,147,0.718
43339,147,0.718
43350,147,0.718
43360,147,0.718
43370,147,0.718
43380,147,0.718
43390,147,0.718
43400,147,0.718
43410,147,0.718
43420,147,0.718
43430,147,0.718
43440,147,0.718
43450,147,0.718
43460,147,0.718
43470,147,0.718
43480,147,0.718
43490,147,0.718
43500,147,0.718
43510,147,0.718
43520,147,0.718
43530,147,0.718
43540,147,0.718
43550,147,0.718
43560,147,0.718
43570,147,0.718
43580,147,0.718
43590,147,0.718
43600,147,0.718
43610,147,0.718
43620,147,0.718
43630,147,0.718
43640,147,0.718
43650,148,0.723
43660,147,0.718
43670,147,0.718
43680,147,0.718
43691,147,0.718
43701,147,0.718
43711,147,0.718
43721,148,0.723
43731,147,0.718
43741,147,0.718
43751,147,0.718
43761,147,0.718
43771,147,0.718
43781,147,0.718
43791,147,0.718
43801,147,0.718
43811,147,0.718
43821,147,0.718
43831,147,0.718
43841,148,0.723
43851,148,0.723
43862,147,0.718
43872,148,0.723
43882,148,0.723
43892,147,0.718
43902,148,0.723
43912,148,0.723
43922,148,0.723
43932,148,0.723
43942,148,0.723
43952,148,0.723
43962,148,0.723
43972,148,0.723
43982,148,0.723
43992,148,0.723
44002,148,0.723
44012,148,0.723
44022,148,0.723
44032,148,0.723
44042,148,0.723
44052,148,0.723
44062,148,0.723
44072,148,0.723
44082,148,0.723
44092,148,0.723
44102,148,0.723
44112,148,0.723
44122,148,0.723
44132,148,0.723
44142,148,0.723
44152,148,0.723
44162,148,0.723
44172,148,0.723
44182,148,0.723
44192,148,0.723
44203,148,0.723
44213,148,0.723
44223,148,0.723
44233,148,0.723
44243,148,0.723
44253,148,0.723
44263,148,0.723
44273,149,0.728
44283,148,0.723
44293,148,0.723
44303,148,0.723
44313,148,0.723
44323,148,0.723
44333,148,0.723
44343,148,0.723
44353,148,0.723
44363,148,0.723
44374,148,0.723
44384,148,0.723
44394,148,0.723
44404,148,0.723
44414,148,0.723
44424,148,0.723
44434,148,0.723
44444,148,0.723
44454,148,0.723
44464,148,0.723
44474,148,0.723
44484,148,0.723
44494,148,0.723
44504,148,0.723
44514,148,0.723
44524,148,0.723
44534,148,0.723
44544,148,0.723
44554,149,0.728
44564,148,0.723
44574,148,0.723
44584,149,0.728
44594,148,0.723
44604,148,0.723
44614,148,0.723
44624,148,0.723
44634,148,0.723
44644,149,0.728
44654,148,0.723
44664,148,0.723
44674,149,0.728
44684,148,0.723
44694,149,0.728
44704,149,0.728
44715,149,0.728
44725,149,0.728
44735,149,0.728
44745,149,0.728
44755,149,0.728
44765,149,0.728
44775,149,0.728
44785,149,0.728
44795,149,0.728
44805,149,0.728
44815,149,0.728
44825,149,0.728
44835,149,0.728
44845,148,0.723
44855,149,0.728
44865,149,0.728
44875,148,0.723
44886,149,0.728
44896,149,0.728
44906,149,0.728
44916,149,0.728
44926,149,0.728
44936,149,0.728
44946,149,0.728
44956,149,0.728
44966,149,0.728
44976,149,0.728
44986,149,0.728
44996,149,0.728
45006,149,0.728
45016,149,0.728
45026,149,0.728
45036,149,0.728
45046,149,0.728
45056,149,0.728
45066,149,0.728
45076,149,0.728
45086,149,0.728
45096,149,0.728
45106,149,0.728
45116,149,0.728
45126,149,0.728
45136,149,0.728
45146,149,0.728
45156,149,0.728
45166,149,0.728
45176,149,0.728
45186,149,0.728
45196,149,0.728
45206,149,0.728
45216,149,0.728
45227,149,0.728
45237,149,0.728
45247,149,0.728
45257,149,0.728
45267,149,0.728
45277,149,0.728
45287,149,0.728
45297,149,0.728
45307,149,0.728
45317,149,0.728
45327,149,0.728
45337,149,0.728
45347,149,0.728
45357,149,0.728
45367,149,0.728
45377,149,0.728
45387,149,0.728
45398,149,0.728
45408,149,0.728
45418,149,0.728
45428,149,0.728
45438,149,0.728
45448,149,0.728
45458,149,0.728
45468,149,0.728
45478,149,0.728
45488,149,0.728
45498,149,0.728
45508,149,0.728
45518,149,0.728
45528,149,0.728
45538,149,0.728
45548,149,0.728
45558,149,0.728
45568,149,0.728
45578,149,0.728
45588,150,0.733
45598,149,0.728
45608,149,0.728
45618,149,0.728
45628,149,0.728
45638,150,0.733
45648,149,0.728
45658,149,0.728
45668,149,0.728
45678,149,0.728
45688,150,0.733
45698,150,0.733
45708,150,0.733
45718,150,0.733
45728,150,0.733
45739,150,0.733
45749,150,0.733
45759,150,0.733
45769,149,0.728
45779,150,0.733
45789,150,0.733
45799,150,0.733
45809,149,0.728
45819,150,0.733
45829,150,0.733
45839,150,0.733
45849,150,0.733
45859,150,0.733
45869,150,0.733
45879,150,0.733
45889,150,0.733
45899,150,0.733
45910,150,0.733
45920,150,0.733
45930,150,0.733
45940,150,0.733
45950,150,0.733
45960,150,0.733
45970,150,0.733
45980,150,0.733
45990,150,0.733
46000,150,0.733
46010,150,0.733
46020,150,0.733
46030,150,0.733
46040,150,0.733
46050,150,0.733
46060,150,0.733
46070,150,0.733
46080,151,0.738
46090,150,0.733
46100,150,0.733
46110,150,0.733
46120,150,0.733
46130,150,0.733
46140,150,0.733
46150,150,0.733
46160,150,0.733
46170,151,0.738
46180,150,0.733
46190,150,0.733
46200,150,0.733
46210,150,0.733
46220,150,0.733
46230,150,0.733
46240,151,0.738
46251,150,0.733
46261,150,0.733
46271,150,0.733
46281,150,0.733
46291,150,0.733
46301,151,0.738
46311,150,0.733
46321,150,0.733
46331,150,0.733
46341,151,0.738
46351,150,0.733
46361,150,0.733
46371,150,0.733
46381,150,0.733
46391,150,0.733
46401,151,0.738
46411,150,0.733
46422,151,0.738
46432,150,0.733
46442,150,0.733
46452,150,0.733
46462,150,0.733
46472,150,0.733
46482,150,0.733
46492,150,0.733
46502,150,0.733
46512,150,0.733
46522,151,0.738
46532,150,0.733
46542,150,0.733
46552,151,0.738
46562,150,0.733
46572,150,0.733
46582,150,0.733
46592,150,0.733
46602,150,0.733
46612,150,0.733
46622,150,0.733
46632,150,0.733
46642,150,0.733
46652,151,0.738
46662,150,0.733
46672,151,0.738
46682,150,0.733
46692,150,0.733
46702,151,0.738
46712,151,0.738
46722,150,0.733
46732,151,0.738
46742,151,0.738
46752,151,0.738
46763,151,0.738
46773,151,0.738
46783,150,0.733
46793,151,0.738
46803,150,0.733
46813,151,0.738
46823,151,0.738
46833,151,0.738
46843,151,0.738
46853,151,0.738
46863,151,0.738
46873,151,0.738
46883,151,0.738
46893,151,0.738
46903,151,0.738
46913,151,0.738
46923,151,0.738
46934,151,0.738
46944,151,0.738
46954,151,0.738
46964,151,0.738
46974,151,0.738
46984,151,0.738
46994,151,0.738
47004,151,0.738
47014,151,0.738
47024,151,0.738
47034,151,0.738
47044,151,0.738
47054,151,0.738
47064,151,0.738
47074,151,0.738
47084,151,0.738
47094,151,0.738
47104,151,0.738
47114,151,0.738
47124,151,0.738
47134,151,0.738
47144,151,0.738
47154,151,0.738
47164,151,0.738
47174,151,0.738
47184,151,0.738
47194,151,0.738
47204,151,0.738
47214,152,0.743
47224,151,0.738
47234,151,0.738
47244,151,0.738
47254,151,0.738
47264,151,0.738
47275,152,0.743
47285,151,0.738
47295,151,0.738
47305,144,0.704
47315,144,0.704
47325,144,0.704
47335,144,0.704
47345,144,0.704
47355,144,0.704
47365,144,0.704
47375,144,0.704
47385,144,0.704
47395,144,0.704
47405,144,0.704
47415,144,0.704
47425,144,0.704
47435,144,0.704
47446,144,0.704
47456,144,0.704
47466,144,0.704
47476,144,0.704
47486,144,0.704
47496,144,0.704
47506,144,0.704
47516,144,0.704
47526,145,0.709
47536,145,0.709
47546,145,0.709
47556,145,0.709
47566,145,0.709
47576,144,0.704
47586,144,0.704
47596,144,0.704
47606,144,0.704
47616,144,0.704
47626,144,0.704
47636,145,0.709
47646,145,0.709
47656,145,0.709
47666,144,0.704
47676,145,0.709
47686,144,0.704
47696,144,0.704
47706,145,0.709
47716,145,0.709
47726,145,0.709
47736,145,0.709
47746,145,0.709
47756,145,0.709
47766,145,0.709
47776,145,0.709
47787,144,0.704
47797,145,0.709
47807,145,0.709
47817,145,0.709
47827,145,0.709
47837,145,0.709
47847,145,0.709
47857,145,0.709
47867,145,0.709
47877,145,0.709
47887,145,0.709
47897,145,0.709
47907,145,0.709
47917,145,0.709
47927,145,0.709
47937,145,0.709
47947,145,0.709
47958,145,0.709
47968,145,0.709
47978,145,0.709
47988,145,0.709
47998,145,0.709
48008,145,0.709
48018,145,0.709
48028,145,0.709
48038,145,0.709
48048,145,0.709
48058,145,0.709
48068,145,0.709
48078,145,0.709
48088,145,0.709
48098,145,0.709
48108,145,0.709
48118,145,0.709
48128,145,0.709
48138,146,0.714
48148,145,0.709
48158,145,0.709
48168,145,0.709
48178,145,0.709
48188,145,0.709
48198,145,0.709
48208,145,0.709
48218,145,0.709
48228,145,0.709
48238,145,0.709
48248,145,0.709
48258,145,0.709
48268,145,0.709
48278,145,0.709
48288,146,0.714
48299,145,0.709
48309,145,0.709
48319,145,0.709
48329,145,0.709
48339,145,0.709
48349,145,0.709
48359,145,0.709
48369,145,0.709
48379,145,0.709
48389,145,0.709
48399,145,0.709
48409,145,0.709
48419,145,0.709
48429,145,0.709
48439,145,0.709
48449,145,0.709
48459,146,0.714
48470,146,0.714
48480,146,0.714
48490,145,0.709
48500,146,0.714
48510,145,0.709
48520,145,0.709
48530,145,0.709
48540,146,0.714
48550,145,0.709
48560,146,0.714
48570,146,0.714
48580,146,0.714
48590,146,0.714
48600,146,0.714
48610,146,0.714
48620,146,0.714
48630,145,0.709
48640,146,0.714
48650,145,0.709
48660,146,0.714
48670,146,0.714
48680,146,0.714
48690,146,0.714
48700,146,0.714
48710,146,0.714
48720,146,0.714
48730,146,0.714
48740,146,0.714
48750,146,0.714
48760,146,0.714
48770,146,0.714
48780,146,0.714
48790,146,0.714
48800,146,0.714
48811,146,0.714
48821,146,0.714
48831,146,0.714
48841,146,0.714
48851,146,0.714
48861,146,0.714
48871,146,0.714
48881,146,0.714
48891,146,0.714
48901,146,0.714
48911,146,0.714
48921,146,0.714
48931,146,0.714
48941,146,0.714
48951,146,0.714
48961,146,0.714
48971,146,0.714
48982,146,0.714
48992,147,0.718
49002,146,0.714
49012,146,0.714
49022,146,0.714
49032,146,0.714
49042,146,0.714
49052,146,0.714
49062,146,0.714
49072,146,0.714
49082,146,0.714
49092,146,0.714
49102,146,0.714
49112,146,0.714
49122,146,0.714
49132,146,0.714
49142,146,0.714
49152,146,0.714
49162,146,0.714
49172,146,0.714
49182,146,0.714
49192,146,0.714
49202,146,0.714
49212,146,0.714
49222,147,0.718
49232,147,0.718
49242,146,0.714
49252,146,0.714
49262,146,0.714
49272,146,0.714
49282,146,0.714
49292,146,0.714
49302,146,0.714
49312,146,0.714
49323,146,0.714
49333,146,0.714
49343,146,0.714
49353,146,0.714
49363,146,0.714
49373,146,0.714
49383,147,0.718
49393,146,0.714
49403,146,0.714
49413,146,0.714
49423,146,0.714
49433,146,0.714
49443,146,0.714
49453,147,0.718
49463,146,0.714
49473,147,0.718
49483,147,0.718
49494,147,0.718
49504,147,0.718
49514,147,0.718
49524,147,0.718
49534,147,0.718
49544,146,0.714
49554,147,0.718
49564,147,0.718
49574,147,0.718
49584,147,0.718
49594,147,0.718
49604,147,0.718
49614,147,0.718
49624,147,0.718
49634,147,0.718
49644,147,0.718
49654,147,0.718
49664,147,0.718
49674,147,0.718
49684,147,0.718
49694,147,0.718
49704,147,0.718
49714,147,0.718
49724,147,0.718
49734,147,0.718
49744,147,0.718
49754,147,0.718
49764,147,0.718
49774,147,0.718
49784,147,0.718
49794,147,0.718
49804,147,0.718
49814,147,0.718
49824,147,0.718
49835,147,0.718
49845,147,0.718
49855,147,0.718
49865,147,0.718
49875,147,0.718
49885,147,0.718
49895,147,0.718
49905,147,0.718
49915,147,0.718
49925,147,0.718
49935,147,0.718
49945,147,0.718
49955,147,0.718
49965,147,0.718
49975,147,0.718
49985,148,0.723
49995,147,0.718
50006,147,0.718
50016,147,0.718
50026,147,0.718
50036,147,0.718
50046,147,0.718
50056,147,0.718
50066,147,0.718
50076,147,0.718
50086,147,0.718
50096,147,0.718
50106,147,0.718
50116,147,0.718
50126,147,0.718
50136,147,0.718
50146,148,0.723
50156,147,0.718
50166,147,0.718
50176,148,0.723
50186,147,0.718
50196,147,0.718
50206,147,0.718
50216,147,0.718
50226,147,0.718
50236,147,0.718
50246,148,0.723
50256,147,0.718
50266,147,0.718
50276,147,0.718
50286,147,0.718
50296,147,0.718
50306,147,0.718
50316,147,0.718
50326,148,0.723
50336,147,0.718
50347,148,0.723
50357,147,0.718
50367,147,0.718
50377,147,0.718
50387,148,0.723
50397,148,0.723
50407,148,0.723
50417,148,0.723
50427,148,0.723
50437,148,0.723
50447,148,0.723
50457,148,0.723
50467,148,0.723
50477,147,0.718
50487,148,0.723
50497,148,0.723
50507,148,0.723
50518,148,0.723
50528,148,0.723
50538,148,0.723
50548,148,0.723
50558,148,0.723
50568,148,0.723
50578,148,0.723
50588,148,0.723
50598,148,0.723
50608,148,0.723
50618,148,0.723
50628,148,0.723
50638,148,0.723
50648,148,0.723
50658,148,0.723
50668,148,0.723
50678,148,0.723
50688,148,0.723
50698,148,0.723
50708,148,0.723
50718,148,0.723
50728,148,0.723
50738,148,0.723
50748,148,0.723
50758,148,0.723
50768,148,0.723
50778,148,0.723
50788,148,0.723
50798,148,0.723
50808,148,0.723
50818,148,0.723
50828,148,0.723
50838,148,0.723
50848,148,0.723
50859,148,0.723
50869,148,0.723
50879,148,0.723
50889,148,0.723
50899,148,0.723
50909,148,0.723
50919,148,0.723
50929,148,0.723
50939,148,0.723
50949,148,0.723
50959,149,0.728
50969,148,0.723
50979,149,0.728
50989,148,0.723
50999,149,0.728
51009,149,0.728
51019,148,0.723
51030,148,0.723
51040,148,0.723
51050,148,0.723
51060,148,0.723
51070,148,0.723
51080,148,0.723
51090,148,0.723
51100,149,0.728
51110,148,0.723
51120,148,0.723
51130,148,0.723
51140,149,0.728
51150,149,0.728
51160,148,0.723
51170,149,0.728
51180,149,0.728
51190,148,0.723
51200,149,0.728
51210,148,0.723
51220,149,0.728
51230,149,0.728
51240,149,0.728
51250,149,0.728
51260,149,0.728
51270,149,0.728
51280,149,0.728
51290,149,0.728
51300,149,0.728
51310,149,0.728
51320,149,0.728
51330,149,0.728
51340,149,0.728
51350,149,0.728
51360,149,0.728
51371,149,0.728
51381,149,0.728
51391,149,0.728
51401,149,0.728
51411,149,0.728
51421,149,0.728
51431,149,0.728
51441,149,0.728
51451,149,0.728
51461,149,0.728
51471,149,0.728
51481,149,0.728
51491,149,0.728
51501,149,0.728
51511,149,0.728
51521,149,0.728
51531,149,0.728
51542,149,0.728
51552,149,0.728
51562,149,0.728
51572,149,0.728
51582,149,0.728
51592,149,0.728
51602,149,0.728
51612,149,0.728
51622,149,0.728
51632,149,0.728
51642,149,0.728
51652,150,0.733
51662,149,0.728
51672,149,0.728
51682,149,0.728
51692,149,0.728
51702,149,0.728
51712,149,0.728
51722,150,0.733
51732,149,0.728
51742,149,0.728
51752,149,0.728
51762,149,0.728
51772,150,0.733
51782,150,0.733
51792,149,0.728
51802,149,0.728
51812,149,0.728
51822,150,0.733
51832,150,0.733
51842,150,0.733
51852,150,0.733
51862,149,0.728
51872,150,0.733
51883,149,0.728
51893,150,0.733
51903,150,0.733
51913,150,0.733
51923,150,0.733
51933,150,0.733
51943,150,0.733
51953,150,0.733
51963,150,0.733
51973,150,0.733
51983,150,0.733
51993,150,0.733
52003,150,0.733
52013,150,0.733
52023,150,0.733
52033,150,0.733
52043,150,0.733
52054,150,0.733
52064,150,0.733
52074,150,0.733
52084,150,0.733
52094,150,0.733
52104,150,0.733
52114,150,0.733
52124,150,0.733
52134,150,0.733
52144,150,0.733
52154,150,0.733
52164,150,0.733
52174,150,0.733
52184,150,0.733
52194,150,0.733
52204,150,0.733
52214,150,0.733
52224,150,0.733
52234,150,0.733
52244,150,0.733
52254,150,0.733
52264,150,0.733
52274,150,0.733
52284,150,0.733
52294,150,0.733
52304,150,0.733
52314,150,0.733
52324,150,0.733
52334,151,0.738
52344,150,0.733
52354,150,0.733
52364,150,0.733
52374,150,0.733
52384,150,0.733
52395,151,0.738
52405,150,0.733
52415,150,0.733
52425,151,0.738
52435,151,0.738
52445,151,0.738
52455,151,0.738
52465,151,0.738
52475,150,0.733
52485,151,0.738
52495,151,0.738
52505,151,0.738
52515,150,0.733
52525,151,0.738
52535,151,0.738
52545,151,0.738
52555,151,0.738
52566,151,0.738
52576,151,0.738
52586,151,0.738
52596,151,0.738
52606,151,0.738
52616,151,0.738
52626,151,0.738
52636,151,0.738
52646,151,0.738
52656,151,0.738
52666,151,0.738
52676,151,0.738
52686,151,0.738
52696,151,0.738
52706,151,0.738
52716,151,0.738
52726,151,0.738
52736,151,0.738
52746,151,0.738
52756,151,0.738
52766,151,0.738
52776,151,0.738
52786,151,0.738
52796,151,0.738
52806,151,0.738
52816,151,0.738
52826,151,0.738
52836,151,0.738
52846,151,0.738
52856,151,0.738
52866,151,0.738
52876,151,0.738
52886,144,0.704
52896,144,0.704
52907,144,0.704
52917,144,0.704
52927,144,0.704
52937,144,0.704
52947,144,0.704
52957,144,0.704
52967,144,0.704
52977,144,0.704
52987,144,0.704
52997,144,0.704
53007,144,0.704
53017,145,0.709
53027,144,0.704
53037,144,0.704
53047,144,0.704
53057,144,0.704
53067,144,0.704
53078,144,0.704
53088,144,0.704
53098,144,0.704
53108,144,0.704
53118,144,0.704
53128,144,0.704
53138,144,0.704
53148,144,0.704
53158,144,0.704
53168,144,0.704
53178,145,0.709
53188,144,0.704
53198,144,0.704
53208,144,0.704
53218,144,0.704
53228,144,0.704
53238,144,0.704
53248,144,0.704
53258,144,0.704
53268,144,0.704
53278,144,0.704
53288,144,0.704
53298,144,0.704
53308,144,0.704
53318,144,0.704
53328,145,0.709
53338,144,0.704
53348,144,0.704
53358,145,0.709
53368,144,0.704
53378,145,0.709
53388,144,0.704
53398,144,0.704
53408,144,0.704
53419,144,0.704
53429,145,0.709
53439,145,0.709
53449,145,0.709
53459,144,0.704
53469,145,0.709
53479,145,0.709
53489,144,0.704
53499,145,0.709
53509,145,0.709
53519,145,0.709
53529,145,0.709
53539,145,0.709
53549,145,0.709
53559,145,0.709
53569,145,0.709
53579,145,0.709
53590,145,0.709
53600,145,0.709
53610,145,0.709
53620,145,0.709
53630,145,0.709
53640,145,0.709
53650,145,0.709
53660,145,0.709
53670,145,0.709
53680,145,0.709
53690,145,0.709
53700,145,0.709
53710,145,0.709
53720,145,0.709
53730,145,0.709
53740,145,0.709
53750,145,0.709
53760,145,0.709
53770,145,0.709
53780,145,0.709
53790,145,0.709
53800,145,0.709
53810,145,0.709
53820,146,0.714
53830,145,0.709
53840,145,0.709
53850,145,0.709
53860,145,0.709
53870,145,0.709
53880,145,0.709
53890,145,0.709
53900,145,0.709
53910,145,0.709
53920,145,0.709
53931,145,0.709
53941,145,0.709
53951,146,0.714
53961,145,0.709
53971,146,0.714
53981,146,0.714
53991,145,0.709
54001,145,0.709
54011,145,0.709
54021,145,0.709
54031,145,0.709
54041,145,0.709
54051,145,0.709
54061,145,0.709
54071,145,0.709
54081,145,0.709
54091,145,0.709
54102,145,0.709
54112,145,0.709
54122,146,0.714
54132,145,0.709
54142,145,0.709
54152,145,0.709
54162,146,0.714
54172,146,0.714
54182,146,0.714
54192,146,0.714
54202,146,0.714
54212,146,0.714
54222,146,0.714
54232,146,0.714
54242,145,0.709
54252,146,0.714
54262,146,0.714
54272,146,0.714
54282,146,0.714
54292,146,0.714
54302,146,0.714
54312,146,0.714
54322,146,0.714
54332,146,0.714
54342,146,0.714
54352,146,0.714
54362,146,0.714
54372,146,0.714
54382,146,0.714
54392,146,0.714
54402,146,0.714
54412,146,0.714
54422,146,0.714
54432,146,0.714
54443,146,0.714
54453,146,0.714
54463,146,0.714
54473,146,0.714
54483,146,0.714
54493,146,0.714
54503,146,0.714
54513,146,0.714
54523,146,0.714
54533,146,0.714
54543,146,0.714
54553,146,0.714
54563,146,0.714
54573,146,0.714
54583,147,0.718
54593,146,0.714
54603,146,0.714
54614,146,0.714
54624,146,0.714
54634,146,0.714
54644,146,0.714
54654,146,0.714
54664,146,0.714
54674,147,0.718
54684,147,0.718
54694,146,0.714
54704,146,0.714
54714,146,0.714
54724,146,0.714
54734,146,0.714
54744,146,0.714
54754,146,0.714
54764,146,0.714
54774,146,0.714
54784,146,0.714
54794,146,0.714
54804,146,0.714
54814,146,0.714
54824,146,0.714
54834,146,0.714
54844,146,0.714
54854,146,0.714
54864,146,0.714
54874,146,0.714
54884,147,0.718
54894,146,0.714
54904,146,0.714
54914,146,0.714
54924,146,0.714
54934,147,0.718
54944,146,0.714
54955,146,0.714
54965,147,0.718
54975,147,0.718
54985,147,0.718
54995,147,0.718
55005,147,0.718
55015,146,0.714
55025,147,0.718
55035,147,0.718
55045,146,0.714
55055,147,0.718
55065,146,0.714
55075,147,0.718
55085,147,0.718
55095,147,0.718
55105,147,0.718
55115,147,0.718
55126,147,0.718
55136,147,0.718
55146,147,0.718
55156,147,0.718
55166,147,0.718
55176,147,0.718
55186,147,0.718
55196,147,0.718
55206,147,0.718
55216,147,0.718
55226,147,0.718
55236,147,0.718
55246,147,0.718
55256,147,0.718
55266,147,0.718
55276,147,0.718
55286,147,0.718
55296,147,0.718
55306,147,0.718
55316,147,0.718
55326,147,0.718
55336,147,0.718
55346,147,0.718
55356,147,0.718
55366,147,0.718
55376,147,0.718
55386,147,0.718
55396,147,0.718
55406,147,0.718
55416,147,0.718
55426,147,0.718
55436,147,0.718
55446,147,0.718
55456,147,0.718
55467,147,0.718
55477,147,0.718
55487,147,0.718
55497,147,0.718
55507,148,0.723
55517,147,0.718
55527,147,0.718
55537,147,0.718
55547,147,0.718
55557,147,0.718
55567,147,0.718
55577,147,0.718
55587,147,0.718
55597,147,0.718
55607,148,0.723
55617,147,0.718
55627,148,0.723
55638,147,0.718
55648,148,0.723
55658,147,0.718
55668,148,0.723
55678,147,0.718
55688,147,0.718
55698,147,0.718
55708,147,0.718
55718,147,0.718
55728,147,0.718
55738,148,0.723
55748,147,0.718
55758,147,0.718
55768,147,0.718
55778,147,0.718
55788,148,0.723
55798,147,0.718
55808,148,0.723
55818,147,0.718
55828,147,0.718
55838,148,0.723
55848,148,0.723
55858,147,0.718
55868,148,0.723
55878,148,0.723
55888,148,0.723
55898,148,0.723
55908,148,0.723
55918,148,0.723
55928,148,0.723
55938,148,0.723
55948,148,0.723
55958,148,0.723
55968,148,0.723
55979,148,0.723
55989,148,0.723
55999,148,0.723
56009,148,0.723
56019,148,0.723
56029,148,0.723
56039,148,0.723
56049,148,0.723
56059,148,0.723
56069,148,0.723
56079,148,0.723
56089,148,0.723
56099,148,0.723
56109,148,0.723
56119,148,0.723
56129,148,0.723
56139,148,0.723
56150,148,0.723
56160,148,0.723
56170,148,0.723
56180,148,0.723
56190,148,0.723
56200,148,0.723
56210,148,0.723
56220,148,0.723
56230,148,0.723
56240,148,0.723
56250,148,0.723
56260,148,0.723
56270,148,0.723
56280,148,0.723
56290,148,0.723
56300,148,0.723
56310,148,0.723
56320,148,0.723
56330,148,0.723
56340,148,0.723
56350,148,0.723
56360,148,0.723
56370,148,0.723
56380,148,0.723
56390,148,0.723
56400,148,0.723
56410,148,0.723
56420,148,0.723
56430,148,0.723
56440,148,0.723
56450,148,0.723
56460,148,0.723
56470,148,0.723
56480,148,0.723
56491,148,0.723
56501,148,0.723
56511,148,0.723
56521,148,0.723
56531,148,0.723
56541,148,0.723
56551,148,0.723
56561,148,0.723
56571,148,0.723
56581,148,0.723
56591,148,0.723
56601,148,0.723
56611,148,0.723
56621,148,0.723
56631,148,0.723
56641,148,0.723
56651,148,0.723
56662,148,0.723
56672,148,0.723
56682,148,0.723
56692,148,0.723
56702,148,0.723
56712,148,0.723
56722,148,0.723
56732,148,0.723
56742,148,0.723
56752,149,0.728
56762,148,0.723
56772,148,0.723
56782,148,0.723
56792,148,0.723
56802,149,0.728
56812,149,0.728
56822,149,0.728
56832,148,0.723
56842,149,0.728
56852,148,0.723
56862,149,0.728
56872,149,0.728
56882,149,0.728
56892,149,0.728
56902,149,0.728
56912,149,0.728
56922,149,0.728
56932,150,0.733
56942,149,0.728
56952,149,0.728
56962,149,0.728
56972,149,0.728
56982,149,0.728
56992,149,0.728
57003,149,0.728
57013,149,0.728
57023,148,0.723
57033,150,0.733
57043,149,0.728
57053,148,0.723
57063,149,0.728
57073,149,0.728
57083,149,0.728
57093,149,0.728
57103,149,0.728
57113,149,0.728
57123,149,0.728
57133,149,0.728
57143,149,0.728
57153,149,0.728
57163,149,0.728
57174,149,0.728
57184,149,0.728
57194,149,0.728
57204,149,0.728
57214,149,0.728
57224,149,0.728
57234,149,0.728
57244,149,0.728
57254,149,0.728
57264,149,0.728
57274,149,0.728
57284,149,0.728
57294,149,0.728
57304,149,0.728
57314,149,0.728
57324,149,0.728
57334,149,0.728
57344,149,0.728
57354,149,0.728
57364,149,0.728
57374,149,0.728
57384,149,0.728
57394,149,0.728
57404,150,0.733
57414,149,0.728
57424,149,0.728
57434,149,0.728
57444,149,0.728
57454,149,0.728
57464,150,0.733
57474,149,0.728
57484,149,0.728
57494,149,0.728
57504,149,0.728
57515,150,0.733
57525,149,0.728
57535,150,0.733
57545,150,0.733
57555,149,0.728
57565,150,0.733
57575,150,0.733
57585,150,0.733
57595,149,0.728
57605,149,0.728
57615,150,0.733
57625,150,0.733
57635,150,0.733
57645,150,0.733
57655,149,0.728
57665,150,0.733
57675,149,0.728
57686,149,0.728
57696,149,0.728
57706,150,0.733
57716,150,0.733
57726,150,0.733
57736,150,0.733
57746,150,0.733
57756,150,0.733
57766,149,0.728
57776,150,0.733
57786,150,0.733
57796,150,0.733
57806,149,0.728
57816,150,0.733
57826,150,0.733
57836,150,0.733
57846,150,0.733
57856,150,0.733
57866,150,0.733
57876,150,0.733
57886,150,0.733
57896,150,0.733
57906,150,0.733
57916,150,0.733
57926,150,0.733
57936,150,0.733
57946,150,0.733
57956,150,0.733
57966,150,0.733
57976,150,0.733
57986,150,0.733
57996,150,0.733
58006,150,0.733
58016,150,0.733
58027,150,0.733
58037,150,0.733
58047,150,0.733
58057,150,0.733
58067,150,0.733
58077,150,0.733
58087,150,0.733
58097,150,0.733
58107,150,0.733
58117,150,0.733
58127,150,0.733
58137,150,0.733
58147,150,0.733
58157,150,0.733
58167,150,0.733
58177,150,0.733
58187,150,0.733
58198,150,0.733
58208,150,0.733
58218,150,0.733
58228,150,0.733
58238,150,0.733
58248,151,0.738
58258,150,0.733
58268,150,0.733
58278,150,0.733
58288,150,0.733
58298,150,0.733
58308,150,0.733
58318,150,0.733
58328,150,0.733
58338,151,0.738
58348,151,0.738
58358,150,0.733
58368,150,0.733
58378,150,0.733
58388,150,0.733
58398,150,0.733
58408,151,0.738
58418,150,0.733
58428,150,0.733
58438,150,0.733
58448,150,0.733
58458,150,0.733
58468,151,0.738
58478,150,0.733
58488,150,0.733
58498,150,0.733
58508,150,0.733
58518,151,0.738
58528,151,0.738
58539,151,0.738
58549,151,0.738
58559,144,0.704
58569,144,0.704
58579,144,0.704
58589,144,0.704
58599,144,0.704
58609,144,0.704
58619,144,0.704
58629,144,0.704
58639,144,0.704
58649,144,0.704
58659,144,0.704
58669,144,0.704
58679,144,0.704
58689,144,0.704
58699,144,0.704
58710,144,0.704
58720,144,0.704
58730,144,0.704
58740,144,0.704
58750,144,0.704
58760,144,0.704
58770,144,0.704
58780,144,0.704
58790,144,0.704
58800,144,0.704
58810,144,0.704
58820,144,0.704
58830,144,0.704
58840,144,0.704
58850,144,0.704
58860,144,0.704
58870,144,0.704
58880,145,0.709
58890,144,0.704
58900,144,0.704
58910,144,0.704
58920,144,0.704
58930,145,0.709
58940,144,0.704
58950,145,0.709
58960,145,0.709
58970,144,0.704
58980,145,0.709
58990,144,0.704
59000,145,0.709
59010,145,0.709
59020,144,0.704
59030,144,0.704
59040,144,0.704
59051,145,0.709
59061,144,0.704
59071,145,0.709
59081,145,0.709
59091,145,0.709
59101,145,0.709
59111,145,0.709
59121,145,0.709
59131,145,0.709
59141,146,0.714
59151,145,0.709
59161,145,0.709
59171,145,0.709
59181,145,0.709
59191,145,0.709
59201,145,0.709
59211,145,0.709
59222,145,0.709
59232,145,0.709
59242,145,0.709
59252,145,0.709
59262,145,0.709
59272,146,0.714
59282,145,0.709
59292,145,0.709
59302,145,0.709
59312,145,0.709
59322,145,0.709
59332,145,0.709
59342,145,0.709
59352,145,0.709
59362,145,0.709
59372,145,0.709
59382,145,0.709
59392,145,0.709
59402,145,0.709
59412,145,0.709
59422,145,0.709
59432,145,0.709
59442,145,0.709
59452,145,0.709
59462,145,0.709
59472,145,0.709
59482,145,0.709
59492,145,0.709
59502,145,0.709
59512,145,0.709
59522,145,0.709
59532,145,0.709
59542,145,0.709
59552,145,0.709
59563,145,0.709
59573,145,0.709
59583,146,0.714
59593,145,0.709
59603,145,0.709
59613,145,0.709
59623,145,0.709
59633,145,0.709
59643,145,0.709
59653,146,0.714
59663,146,0.714
59673,146,0.714
59683,146,0.714
59693,145,0.709
59703,146,0.714
59713,145,0.709
59723,146,0.714
59734,145,0.709
59744,146,0.714
59754,146,0.714
59764,146,0.714
59774,146,0.714
59784,146,0.714
59794,146,0.714
59804,146,0.714
59814,146,0.714
59824,146,0.714
59834,146,0.714
59844,146,0.714
59854,146,0.714
59864,146,0.714
59874,146,0.714
59884,146,0.714
59894,146,0.714
59904,146,0.714
59914,146,0.714
59924,146,0.714
59934,146,0.714
59944,146,0.714
59954,146,0.714
59964,146,0.714
59974,146,0.714
59984,146,0.714
59994,146,0.714
60004,146,0.714
60014,146,0.714
60024,146,0.714
60034,146,0.714
60044,146,0.714
60054,146,0.714
60064,146,0.714
60075,146,0.714
60085,146,0.714
60095,146,0.714
60105,146,0.714
60115,146,0.714
60125,146,0.714
